Date,open,high,low,close,volume,dividends,stock splits,sma_20,ema_20,macd,signal_line,macd_hist,rsi,bb_upper,bb_lower,hi_lo,hi_close,lo_close,true_range,ATR,obv,%K,%D
2024-01-02 00:00:00-05:00,186.44250337800963,187.72763525264537,183.1948327572495,184.93821716308594,82488700,0.0,0.0,,184.93821716308594,0.0,0.0,0.0,,,,4.5328024953958845,,,4.5328024953958845,,,,
2024-01-03 00:00:00-05:00,183.5235966803731,185.17732505163676,182.7365745947604,183.55348205566406,58414500,0.0,0.0,,184.80633762904577,-0.11046319945245386,-0.022092639890490776,-0.08837055956196309,,,,2.4407504568763443,0.23910788855081933,2.201642568325525,2.4407504568763443,,0.007487555188232187,,
2024-01-04 00:00:00-05:00,181.46141882335,182.39786780732265,180.1962307034869,181.2223358154297,71983600,0.0,0.0,,184.4650041229871,-0.3817099851452781,-0.09401610894144825,-0.28769387620382986,,,,2.2016371038357647,1.1556142483414078,3.3572513521771725,3.3572513521771725,,0.020187647903048833,,
2024-01-05 00:00:00-05:00,181.30202210783074,182.06910030424723,179.48889502297928,180.4950714111328,62303300,0.0,0.0,,184.0869152932867,-0.6478906958155051,-0.20479102631625962,-0.44309966949924545,,,,2.5802052812679506,0.8467644888175414,1.7334407924504092,2.5802052812679506,,0.02420075368840624,,
2024-01-08 00:00:00-05:00,181.40163701859532,184.8983778074419,180.81387105846133,184.8585205078125,59144500,0.0,0.0,,184.1604015041939,-0.5009720574794017,-0.26402723254888805,-0.2369448249305136,,,,4.084506748980573,4.403306396309091,0.3187996473285182,4.403306396309091,,0.04837564701134134,,
2024-01-09 00:00:00-05:00,183.2247200384055,184.4500659772401,182.03921619791834,184.4401092529297,42841800,0.0,0.0,,184.18704033740684,-0.4135333149277187,-0.2939284490246542,-0.11960486590306452,,,,2.410849779321751,0.40845453057241343,2.8193043098941644,2.8193043098941644,,0.0506390604246556,,
2024-01-10 00:00:00-05:00,183.65310445295844,185.69534264012714,183.2247220851331,185.48614501953125,46792900,0.0,0.0,,184.31076459284725,-0.25687009861357524,-0.28651677894243843,0.029646680328863195,,,,2.470620554994042,1.2552333871974497,1.2153871677965924,2.470620554994042,,0.05631047197845751,,
2024-01-11 00:00:00-05:00,185.83481816060663,186.34289994181307,182.9258584292588,184.88841247558594,49128400,0.0,0.0,,184.3657786769176,-0.17888333607692175,-0.26499009036933513,0.08610675429241338,,,,3.4170415125542775,0.8567549222818229,2.5602865902724545,3.4170415125542775,,0.05953299053305017,,
2024-01-12 00:00:00-05:00,185.35663323460264,186.03407052890915,184.48992696797683,185.2171630859375,40444700,0.0,0.0,,184.4468629063481,-0.08951891974717796,-0.22989585624490372,0.14037693649772576,,,,1.5441435609323264,1.145658053323217,0.3984855076091094,1.5441435609323264,,0.0613110933678882,,
2024-01-16 00:00:00-05:00,181.47137741288765,183.56342958397713,180.246016282922,182.93582153320312,65603000,0.0,0.0,,184.30295420414382,-0.20047126535089888,-0.22401093806610275,0.02353967271520388,,,,3.317413301055126,1.6537335019603745,4.9711468030155,4.9711468030155,,0.07362821082463211,,
2024-01-17 00:00:00-05:00,180.58475215384107,182.2384653293606,179.61841781334914,181.98941040039062,47317400,0.0,0.0,,184.08261669902447,-0.36061235281061954,-0.2513312210150061,-0.10928113179561344,,,,2.6200475160114536,0.6973562038425314,3.317403719853985,3.317403719853985,,0.07880167070187505,,
2024-01-18 00:00:00-05:00,185.3865245441322,188.4249977385091,185.12751288863532,187.91693115234375,78005800,0.0,0.0,,184.4477895041025,-0.009118816017149811,-0.20288874001543486,0.19376992399828505,,,,3.2974848498737686,6.4355873381184665,3.138102488244698,6.4355873381184665,,0.11137236115530369,,
2024-01-19 00:00:00-05:00,188.61428024175586,191.22437102761134,188.1062136601058,190.83584594726562,68741000,0.0,0.0,,185.0561758320228,0.499219680108439,-0.06246705599066009,0.561686736099099,,,,3.118157367505546,3.3074398752675904,0.18928250776204436,3.3074398752675904,,0.12690536702668798,,
2024-01-22 00:00:00-05:00,191.5730425958912,194.59158693286403,191.53318529709307,193.1570281982422,60133900,0.0,0.0,,185.82768558118656,1.0769670041581207,0.1654197560390961,0.9115472481190247,66.05682137968205,,,3.058401635770963,3.7557409855984076,0.6973393498274447,3.7557409855984076,3.5251960458753717,0.13906860732074677,90.50130438214843,
2024-01-23 00:00:00-05:00,194.2827703313563,195.01000645672423,193.09726645507456,194.44215393066406,42355600,0.0,0.0,,186.64811113827966,1.6198620657104073,0.45630821797335835,1.1635538477370488,67.6797552964045,,,1.9127400016496665,1.8529782584820396,0.059761743167626946,1.9127400016496665,3.338048724893499,0.14572187665507785,96.34141840625165,
2024-01-24 00:00:00-05:00,194.68124499858735,195.63762256492572,193.6053259368713,193.7647247314453,53631300,0.0,0.0,,187.32588386143829,1.9727072967243942,0.7595880337235655,1.2131192630008285,69.5089101429401,,,2.032296628054411,1.1954686342616583,0.8368279937927525,2.032296628054411,3.308873451406218,0.1492058392913913,88.40219559952608,91.74830612930873
2024-01-25 00:00:00-05:00,194.48200782899013,195.5280415368865,192.37998368876055,193.43597412109375,54822100,0.0,0.0,,187.90779721950074,2.2004468757902487,1.0477598021369021,1.1526870736533466,75.26786813519836,,,3.1480578481259442,1.7633168054411783,1.384741042684766,3.1480578481259442,3.2939310582597017,0.1509024876922146,86.36642770699319,90.37001390425696
2024-01-26 00:00:00-05:00,193.5356089954636,194.0237469288864,191.21441522691208,191.69259643554688,44594000,0.0,0.0,,188.2682542876956,2.214726139450164,1.2811530695995546,0.9335730698506095,72.23104453412842,,,2.8093317019743154,0.5877728077926463,2.221558894181669,2.8093317019743154,3.3102972311672993,0.15991517363891183,75.37314622943076,83.38058984531669
2024-01-29 00:00:00-05:00,191.28414355344017,191.4734277329997,188.86333692292177,191.0052032470703,47145600,0.0,0.0,,188.52891609335035,2.145839768143418,1.4540904093083273,0.6917493588350905,64.28904356141896,,,2.610090810077935,0.21916870254716514,2.8292595126251,2.8292595126251,3.197865310904157,0.16350108776005368,71.08208934404503,77.60722109348966
2024-01-30 00:00:00-05:00,190.21819361481354,191.07494317235538,186.7613100094732,187.3291473388672,55859400,0.0,0.0,187.18021469116212,188.4146524024472,1.774168324805487,1.5181059924077593,0.2560623323977276,55.83266484542218,196.2189596815828,178.14146970074145,4.313633162882184,0.06973992528506301,4.243893237597121,4.313633162882184,3.304603086117587,0.1827469294738422,48.13428409896048,64.86317322414543
2024-01-31 00:00:00-05:00,186.3329308453054,186.3927167977895,183.65311255154307,183.70291137695312,55467800,0.0,0.0,187.11844940185546,187.96591516192393,1.1734819226666104,1.4491811784595297,-0.2756992557929192,46.73952466350698,196.23822102483462,177.9986777788763,2.739604246246415,0.9364305410776979,3.676034787324113,3.676034787324113,3.390704102712592,0.20210449349111936,25.49748022417902,48.23795122239485
2024-02-01 00:00:00-05:00,183.2944796333469,186.2432816186692,183.12512409780064,186.15362548828125,64885400,0.0,0.0,187.24845657348632,187.79331614538654,0.884984221351317,1.336341787037887,-0.45135756568657004,52.166519735848524,196.22729097649318,178.26962217047947,3.11815752086855,2.5403702417160616,0.5777872791524885,3.11815752086855,3.3693552461636114,0.21544513187816872,40.79608055630182,38.14261495981378
2024-02-02 00:00:00-05:00,179.18006916709078,186.62183126462077,178.57237456471196,185.14743041992188,102518000,0.0,0.0,187.44471130371093,187.54132702867562,0.5686016952510897,1.1827937686805277,-0.6141920734294379,49.8832990465762,196.03200093798114,178.85742166944073,8.049456699908802,0.46820577633951643,7.581250923569286,8.049456699908802,3.834020470376217,0.2208503184047278,38.52892061766435,34.940827132715064
2024-02-05 00:00:00-05:00,187.43872923272858,188.53457697591082,185.13746417315204,186.9705047607422,69668800,0.0,0.0,187.76848297119142,187.48696300315814,0.4596742880841589,1.038169872561254,-0.5784955844770951,56.85741894424323,195.71704319638323,179.8199227459996,3.397112802758784,3.3871465559889486,0.009966246769835152,3.397112802758784,3.72158947035788,0.230696927329764,49.21188485467676,42.84562867621431
2024-02-06 00:00:00-05:00,186.15361780912454,188.59435308712352,186.0639616824351,188.5843963623047,43490800,0.0,0.0,187.95477676391602,187.591480465934,0.49783733856995127,0.9301033657629936,-0.4322660271930423,60.96027452354737,195.79001258051974,180.1195409473123,2.53039140468843,1.623848326381335,0.9065430783070951,2.53039140468843,3.665374304988912,0.23932872518273396,58.66906708573655,48.803290852692555
2024-02-07 00:00:00-05:00,189.91933101173325,190.32778475422944,187.89700615150963,188.69398498535156,53439000,0.0,0.0,188.1674705505371,187.69648089635473,0.5308059168451962,0.8502438759794342,-0.319437959134238,51.600989170805505,195.83003353495087,180.50490756612334,2.430778602719812,1.7433883919247535,0.6873902107950585,2.430778602719812,3.3793165381747223,0.23990983700937918,59.311241304625725,55.730731081679686
2024-02-08 00:00:00-05:00,188.67405573652303,188.82348261691075,186.64177415771547,187.6081085205078,40962000,0.0,0.0,188.27356872558593,187.6880644796074,0.4639643052859128,0.7729879618407299,-0.3090236565548171,42.806433819653634,195.83794343311365,180.7091940180582,2.181708459195278,0.12949763155918959,2.052210827636088,2.181708459195278,3.298907151312414,0.24566453271379207,52.94815496195935,56.97615445077387
2024-02-09 00:00:00-05:00,188.17664931462193,189.51329866773182,187.52828632775376,188.37615966796875,45155200,0.24,0.0,188.44795608520508,187.75359735468942,0.467577216194627,0.7119058127115094,-0.24432859651688243,38.552524758733426,195.84264700349732,181.05326516691284,1.9850123399780557,1.9051901472240047,0.079822192754051,1.9850123399780557,3.1724265337681032,0.2497584450372936,57.44882877256742,56.569408346384165
2024-02-12 00:00:00-05:00,187.94723765426946,188.19661038471307,186.32132258121607,186.680419921875,41781900,0.0,0.0,188.52111892700196,187.65138998013566,0.32980664281711825,0.6354859787326312,-0.305679335915513,31.773441200730673,195.8094081652579,181.23282968874602,1.8752878034970024,0.17954928325568176,2.054837086752684,2.054837086752684,3.182576325561176,0.258760325896754,47.51202770133476,52.63633714528717
2024-02-13 00:00:00-05:00,185.30389344552358,185.7427918879144,183.04955421333517,184.57571411132812,56529500,0.0,0.0,188.6031135559082,187.35846846882066,0.05021149482450937,0.5184310819510068,-0.46821958712649747,29.777394212719656,195.66005817426662,181.5461689375498,2.6932376745792226,0.9376280339606069,3.6308657085398295,3.6308657085398295,3.2967598313101343,0.2700347049206907,35.40609494435149,46.78898380608456
2024-02-14 00:00:00-05:00,184.8550202478472,185.06448481263337,181.98224159532535,183.6879425048828,54630500,0.0,0.0,188.68804016113282,187.00889456749323,-0.24023613098097485,0.36669763936461053,-0.6069337703455854,29.062310933926597,195.44433634924746,181.93174397301817,3.0822432173080188,0.48877070130524203,2.5934725160027767,3.0822432173080188,3.2920587862517112,0.274844501327112,33.10753128978892,38.67521797849172
2024-02-15 00:00:00-05:00,183.08946188989523,184.02710579243293,180.8949849042452,183.398681640625,65434500,0.0,0.0,188.46212768554688,186.66506476493436,-0.4881320192197336,0.19573170764774173,-0.6838637268674753,30.998661813585187,195.61736547091937,181.30688990017438,3.1321208881877283,0.3391632875501216,2.7929576006376067,3.1321208881877283,3.3151151566955264,0.276419241945975,37.410178943969065,35.30793505936983
2024-02-16 00:00:00-05:00,182.9597697729581,184.38618960228064,181.21416078648454,181.85255432128906,49701400,0.0,0.0,188.01296310424806,186.20673043696814,-0.8001274782801318,-0.003440129537832959,-0.7966873487422987,29.82512787809806,195.65226215082538,180.37366405767074,3.1720288157960965,0.9875079616556377,2.184520854140459,3.1720288157960965,3.3395986783505975,0.2848496587052711,26.23604684378032,32.25125235917944
2024-02-20 00:00:00-05:00,181.33386505771242,181.97225862856678,179.54836303345672,181.1044464111328,53665600,0.0,0.0,187.41033401489258,185.72079862498384,-1.095128227034678,-0.221777749037202,-0.8733504779974761,34.245523625033414,195.2402051297219,179.58046290006328,2.4238955951100536,0.11970430727771486,2.3041912878323387,2.4238955951100536,3.204617423509731,0.2889634744993266,21.539629886150166,28.395285224633184
2024-02-21 00:00:00-05:00,181.48349741424192,182.4311107284463,180.20671027542915,181.862548828125,41529700,0.0,0.0,186.78135375976564,185.35334626337826,-1.253298669551981,-0.4280819331401578,-0.8252167364118232,44.55101561370537,194.24532749863985,179.31738002089142,2.2244004530171537,1.3266643173134867,0.8977361357036671,2.2244004530171537,3.1009292567735196,0.29314947010581327,27.988595977254345,25.25475756906161
2024-02-22 00:00:00-05:00,183.0196281071197,184.49592561431203,182.00219833655885,183.9073944091797,52292200,0.0,0.0,186.28848724365236,185.21563656297837,-1.1998171901916805,-0.5824289845504623,-0.6173882056412182,43.185531991323195,193.08261191979295,179.49436256751176,2.4937272777531803,2.6333767861870285,0.13964950843384827,2.6333767861870285,3.066302061439125,0.30439337707968517,45.38352774133788,31.637251201580796
2024-02-23 00:00:00-05:00,184.5457848212894,184.57570833046944,181.77276135358366,182.06204223632812,45119700,0.0,0.0,185.71979064941405,184.91529424615453,-1.2914501966161538,-0.7242332269636007,-0.5672169696525531,41.093245095655426,191.86827904656033,179.57130225226777,2.802946976885778,0.6683139212897515,2.1346330555960265,2.802946976885778,2.691551366937481,0.31442751506951383,23.319239825522008,32.230454514704746
2024-02-26 00:00:00-05:00,181.78275162000102,182.30143594214888,180.19672948194207,180.70545959472656,40867400,0.0,0.0,185.17043380737306,184.51435761268522,-1.456742475662054,-0.8707350767032914,-0.5860073989587625,31.4137779934525,191.0284345194168,179.3124330953293,2.1047064602068133,0.2393937058207598,1.8653127543860535,2.1047064602068133,2.5992366281837684,0.32187872579382637,10.734310162854383,26.47902590990476
2024-02-27 00:00:00-05:00,180.64560832701477,183.45852475422748,179.10946381541714,182.17176818847656,54318900,0.0,0.0,184.72876205444337,184.2912538579987,-1.4526734335252058,-0.9871227480676743,-0.46555068545753153,30.807893525453196,190.04106754975587,179.41645655913086,4.349060938810339,2.7530651595009203,1.595995779309419,4.349060938810339,2.729141594906762,0.32999308269836336,27.297350376781342,20.450300121719245
2024-02-28 00:00:00-05:00,182.05205940605046,182.66052946629853,179.67804140451977,180.9647979736328,48953900,0.0,0.0,184.41054458618163,183.97444853567814,-1.5292132788069637,-1.0955408542155323,-0.4336724245914314,28.293437550887475,189.82840930036758,178.99267987199568,2.982488061778753,0.48876127782196477,2.493726783956788,2.982488061778753,2.7685494134109723,0.33661853419859256,17.83317579097182,18.621612110202516
2024-02-29 00:00:00-05:00,180.815177795749,182.11191899615906,179.0795381686922,180.29647827148438,136682600,0.0,0.0,184.2402229309082,183.62416565337395,-1.6250667146970557,-1.201446026311837,-0.4236206883852187,28.972946881102317,189.95764935505215,178.52279650676425,3.0323808274668522,1.1471210225262496,1.8852598049406026,3.0323808274668522,2.82931172543037,0.34031162649959257,11.66348511549772,18.93133709441696
2024-03-01 00:00:00-05:00,179.0995039018238,180.07704077536846,176.93495035729424,179.209228515625,73488000,0.0,0.0,183.89300308227538,183.2036954497788,-1.768378455936471,-1.314832512236764,-0.45354594369970713,24.112676930289638,189.9542891424927,177.83171702205806,3.1420904180742184,0.21943749611591556,3.361527914190134,3.361527914190134,2.927634266445519,0.34634197033261094,20.194874936675063,16.5638452810482
2024-03-04 00:00:00-05:00,175.7080130413176,176.45613120394682,173.35393394742417,174.66065979003906,81510100,0.0,0.0,183.36866455078126,182.39007300599405,-2.2233560608752327,-1.496537221964458,-0.7268188389107748,20.76661072791873,190.66213824704678,176.07519085451574,3.1021972565226577,2.753097311678175,5.855294568200833,5.855294568200833,3.1990955151203866,0.37172330121194874,10.547589203877724,14.135316418683502
2024-03-05 00:00:00-05:00,170.33155463049027,171.60834186998648,169.19441551967324,169.6931610107422,95132400,0.0,0.0,182.50479736328126,181.18084329216055,-2.9507503142512235,-1.787379840421811,-1.1633704738294124,18.228275946089795,191.81575205426984,173.19384267229267,2.4139263503132327,3.0523179200525874,5.46624427036582,5.46624427036582,3.330193983822243,0.4001641578150804,3.1426799836985326,11.295048041417106
2024-03-06 00:00:00-05:00,170.6307828835121,170.81033915171824,168.2567497827471,168.69564819335938,68587700,0.0,0.0,181.51035995483397,179.99177709227473,-3.5665929846447,-2.143222469266389,-1.423370515378311,18.14326428314361,192.22924519337332,170.79147471629463,2.5535893689711315,1.1171781409760513,1.4364112279950803,2.5535893689711315,3.2924329946553224,0.4060424902796378,2.689500125444743,5.459923104340333
2024-03-07 00:00:00-05:00,168.72557579533654,170.30161320782108,168.06724338394662,168.57595825195312,71765100,0.0,0.0,180.50445861816405,178.90455625033934,-4.017993784584888,-2.518176732330089,-1.4998170522547993,18.274959797570475,192.12301371852658,168.88590351780152,2.2343698238744594,1.6059650144617024,0.628404809412757,2.2343698238744594,3.228307918632946,0.40675199252636474,3.0815394990050704,2.971239869382781
2024-03-08 00:00:00-05:00,168.57595034963478,173.26415420874906,168.51610333508685,170.30160522460938,76114600,0.0,0.0,179.63913345336914,178.0852275812222,-4.188207829060218,-2.852182951676115,-1.3360248773841032,25.46606195232333,191.60282439998812,167.67544250675016,4.7480508736622085,4.688195956795937,0.059854916866271424,4.7480508736622085,3.3408809227662397,0.41698860627930046,13.534643274833257,6.435227633094356
2024-03-11 00:00:00-04:00,172.50608455061956,173.9424739307717,171.61831822823436,172.31655883789062,60139500,0.0,0.0,178.83615341186524,177.53583055804776,-4.113100506389571,-3.104366462618806,-1.0087340437707653,32.28791400616686,190.48230446386148,167.190002359869,2.324155702537354,3.640868706162337,1.316713003624983,3.640868706162337,3.4278075735556888,0.4288202834418482,25.740221563356442,14.11880144573159
2024-03-12 00:00:00-04:00,172.7155327686856,173.59332957799342,170.58090298100706,172.7953338623047,59825400,0.0,0.0,178.14189910888672,177.0843546822627,-3.9691899182311943,-3.277331153741284,-0.6918587644899103,31.516810421248096,189.47025353069782,166.81354468707562,3.0124265969863586,1.2767707401027906,1.735655856883568,3.0124265969863586,3.4840951552677746,0.43159874552142385,28.640400507704065,22.638421781964585
2024-03-13 00:00:00-04:00,172.33650702549602,172.75545137696454,170.33154057571417,170.70062255859375,52488700,0.0,0.0,177.44814453125,176.47638019429422,-3.978306001101373,-3.417526123213302,-0.5607798778880713,23.133093652471842,188.81687245144965,166.07941661105033,2.423910801250372,0.0398824853401436,2.4637932865905157,2.4637932865905157,3.471982048153738,0.4437212447630998,15.95169013701544,23.444104069358644
2024-03-14 00:00:00-04:00,172.47616269554393,173.87264392825887,171.61831987530365,172.56593322753906,72913500,0.0,0.0,176.8920440673828,176.10395667365086,-3.7913116992621383,-3.4922832384230693,-0.299028460839069,30.697473606767986,188.06196451124802,165.7221236235176,2.254324052955212,3.172021369665117,0.917697316709905,3.172021369665117,3.498344504780834,0.4546486253489852,29.228819455402828,24.606970033374107
2024-03-15 00:00:00-04:00,170.74051562789052,172.18687438964844,169.86271876480842,172.18687438964844,121664700,0.0,0.0,176.331453704834,175.73090121803156,-3.631838672647035,-3.5201943252678625,-0.11164434737917261,31.96787075952294,187.24895188581715,165.41395552385083,2.3241556248400173,0.379058837890625,2.7032144627306423,2.7032144627306423,3.5410950763896785,0.45684522829836816,26.7660041200757,23.98217123749799
2024-03-18 00:00:00-04:00,175.12948288729953,177.26411278337386,173.08462351841683,173.28411865234375,75604200,0.0,0.0,175.9030319213867,175.49787430701366,-3.377977486421372,-3.4917509574985646,0.11377347107719249,30.88801695223357,186.57807596606727,165.22798787670615,4.179489264957027,5.077238393725423,0.8977491287683961,5.077238393725423,3.593107751740756,0.4632176319242818,35.74846157991827,30.58109505179893
2024-03-19 00:00:00-04:00,173.90255921354083,176.16686780995457,172.59584857462684,175.63819885253906,55215200,0.0,0.0,175.62971954345704,175.51123854944464,-2.9527980511985277,-3.3839603762385577,0.43116232504003005,39.08422076963679,186.02015154077785,165.23928754613624,3.571019235327725,2.8827491576108173,0.6882700777169077,3.571019235327725,3.63514569270854,0.47680272107442057,53.906232351918305,38.80689935063742
2024-03-20 00:00:00-04:00,175.27911488071734,178.22171020507812,174.65069069756925,178.22171020507812,53423100,0.0,0.0,175.4476776123047,175.76937870712402,-2.3799380661211558,-3.1831559142150776,0.8032178480939218,46.05764446779418,185.50040791004932,165.39494731456006,3.571019507508879,2.5835113525390625,0.9875081549698166,3.571019507508879,3.673619884140113,0.4915120005444753,84.55152481077218,58.06873958086959
2024-03-21 00:00:00-04:00,176.60577416012134,177.04467260947172,170.4113487190698,170.9400177001953,106181300,0.0,0.0,174.79930877685547,175.309439563607,-2.4848700945426287,-3.043498750280588,0.5586286557379592,37.281367741535746,184.2066646025735,165.39195295113743,6.633323890401925,1.1770375956064072,7.810361486008333,7.810361486008333,3.991393710698556,0.5323694948222703,28.290745017458068,55.582834060049514
2024-03-22 00:00:00-04:00,171.32903300964793,172.6158048054333,169.63330150885253,171.8477325439453,71106600,0.0,0.0,174.28859329223633,174.97975318078207,-2.4663538888809455,-2.9280697780006597,0.4617158891197142,45.127848132044015,183.1276814933811,165.44950509109157,2.9825032965807736,1.675787105237987,1.3067161913427867,2.9825032965807736,3.786194334154266,0.5376796314185003,37.22981449042182,50.02402810621735
2024-03-25 00:00:00-04:00,170.1420294503314,171.50858710740098,169.02482929677882,170.42132568359375,54288300,0.0,0.0,173.77438659667968,174.54561722866887,-2.5375277349702685,-2.8499613693945816,0.31243363442431304,51.43756570881168,182.22992288554974,165.3188503078096,2.4837578106221656,0.33914543654432805,2.8229032471664937,2.8229032471664937,3.5973842610686,0.5459800427142198,23.182726785302723,29.567762097727538
2024-03-26 00:00:00-04:00,169.57346062327176,170.98989593848802,169.15451625289825,169.28419494628906,57388400,0.0,0.0,173.1300079345703,174.04452939225175,-2.655084308700225,-2.8109859572557108,0.15590164855548583,51.15555728653303,180.82071007805763,165.43930579108297,1.8353796855897713,0.5685702548942686,1.2668094306955027,1.8353796855897713,3.5460835693985024,0.5526525100990581,11.984396460973814,24.132312578899455
2024-03-27 00:00:00-04:00,169.98241994308466,173.16441820000477,169.68316964303057,172.87513732910156,60273300,0.0,0.0,172.72552490234375,173.93315871957077,-2.4304727241480464,-2.7348833106341783,0.30441058648613195,57.42846943225339,179.47450792181684,165.97654188287066,3.481248556974208,3.8802232537157124,0.39897469674150443,3.8802232537157124,3.663644528672878,0.5738650183544912,44.91253408885115,26.69321911170923
2024-03-28 00:00:00-04:00,171.3190704702827,171.79786186400437,170.08217621428903,171.04974365234375,65672700,0.0,0.0,172.26318817138673,173.65854776078726,-2.3724127420989873,-2.6623891969271405,0.28997645482815315,51.288253482462096,178.0227654376854,166.50361090508807,1.7156856497153399,1.0772754650971876,2.7929611148125275,2.7929611148125275,3.523995260183615,0.584424047865385,22.017403245241976,26.304777931688985
2024-04-01 00:00:00-04:00,170.76047140500762,170.8203184243575,169.0547552510188,169.60337829589844,46240500,0.0,0.0,171.78289566040038,173.27234114508357,-2.415267682123414,-2.6129648939663954,0.1976972118429816,45.23474018612843,176.63402603433818,166.9317652864626,1.7655631733387054,0.22942522798624054,1.994988401324946,1.994988401324946,3.4064323812666584,0.5928798650186983,6.2907088271365295,24.40688205374322
2024-04-02 00:00:00-04:00,168.65575460153738,168.91509674293673,167.8078812915549,168.41635131835938,49329500,0.0,0.0,171.4706802368164,172.80986592349078,-2.5160106825488526,-2.593574051682887,0.0775633691340345,42.49572594145651,176.3456752555473,166.59568521808552,1.107215451381819,0.6882815529617119,1.795497004343531,1.795497004343531,3.319508838935028,0.5998787054278092,5.842904006367148,11.383672026248552
2024-04-03 00:00:00-04:00,168.3664767037722,170.25173383313268,168.15701214523367,169.2243194580078,47691700,0.0,0.0,171.44723815917968,172.4683853077305,-2.501814598436738,-2.575222161033657,0.07340756259691927,47.35333235947913,176.36256455696252,166.53191176139683,2.0947216878990105,1.8353825147733005,0.25933917312571,2.0947216878990105,3.2931465818856345,0.6046761501730711,13.601511780297676,8.578374871267117
2024-04-04 00:00:00-04:00,169.862720979973,171.4886360397026,168.39642333984375,168.39642333984375,53704400,0.0,0.0,171.4322769165039,172.080579406027,-2.5282245978213496,-2.5658226483911957,0.03759805056984611,42.23625284904373,176.38455032386037,166.48000350914742,3.0922126998588624,2.2643165816948,0.8278961181640625,3.0922126998588624,3.2874459626137593,0.6095684500553554,5.651543281305236,8.365319689323353
2024-04-05 00:00:00-04:00,169.16446466808637,169.96246036892836,168.52607115151318,169.1544952392578,42055200,0.0,0.0,171.46120376586913,171.80190472347755,-2.459631544419352,-2.544584427596827,0.08495288317747463,44.43221041778734,176.3495745919743,166.57283293976397,1.4363892174151829,1.5660370290846117,0.12964781166942885,1.5660370290846117,3.206219003067614,0.6140701602721109,12.931016621122096,10.728023894241668
2024-04-08 00:00:00-04:00,168.60589031460577,168.77546194587757,167.81787917863633,168.02734375,37425500,0.0,0.0,171.34749069213868,171.44242272600349,-2.4677757775703526,-2.5292226975915324,0.061446920021179796,40.35855815515504,176.4505324455937,166.24444893868366,0.9575827672412345,0.37903329338024605,1.3366160606214805,1.3366160606214805,2.9390316935601897,0.6207336041709179,2.1074137117818723,6.896657871403068
2024-04-09 00:00:00-04:00,168.27671057044998,169.65325287306834,167.92759789027352,169.24427795410156,42451200,0.0,0.0,171.19387664794922,171.23307560486998,-2.3489564137281604,-2.4931694408188583,0.14421302709069783,37.762459143168876,176.35868432586932,166.02906897002913,1.725654982794822,1.6259091230683396,0.09974585972648242,1.725654982794822,2.807219961236411,0.6279760813591082,13.793165553943144,9.610531962282371
2024-04-10 00:00:00-04:00,168.3764690401373,168.66573470768245,166.6907069630718,167.35902404785156,49709300,0.0,0.0,170.92206115722655,170.86411831372538,-2.3794862104901995,-2.4704327947531266,0.09094658426292712,28.63858274095834,176.2998153000315,165.5443070144216,1.9750277446106566,0.578543246419116,2.5535709910297726,2.5535709910297726,2.734545067202189,0.639115328895508,6.45469675681362,7.451758674179545
2024-04-11 00:00:00-04:00,167.9176136082712,175.0197591304819,167.73807255301605,174.60079956054688,91070300,0.0,0.0,171.11707000732423,171.21999271818459,-1.7985974210661198,-2.3360657200157253,0.5374682989496056,57.21022853292573,176.73835756075025,165.49578245389822,7.281686577465848,7.660735082630339,0.37904850516449073,7.660735082630339,2.723857466960904,0.6823862284116569,94.96990099816723,38.405921102974666
2024-04-12 00:00:00-04:00,173.82276241391455,177.9124812782121,173.77290004426743,176.10702514648438,101593300,0.0,0.0,171.29412460327148,171.68542437802265,-1.2028335373562982,-2.10941928348384,0.9065857461275417,58.19581977576203,177.3163314275433,165.27191777899966,4.139581233944682,3.3116817176652376,0.8278995162794445,4.139581233944682,2.806505891058326,0.6910129104757055,83.91113489698478,61.77857755065521
2024-04-15 00:00:00-04:00,174.91999737133082,176.18681502203364,172.06717291020246,172.25669860839844,73531800,0.0,0.0,171.297615814209,171.73983144758225,-1.0295080128457244,-1.8934370293562168,0.8639290165104925,53.23032779973112,177.32208231910903,165.27314930930896,4.119642111831183,0.07978987554926675,4.0398522362819165,4.119642111831183,2.8991300956772323,0.7128764706311466,49.59992501201044,76.16032030238748
2024-04-16 00:00:00-04:00,171.31906570233667,173.32401697440633,167.84780155858056,168.95501708984375,73711200,0.0,0.0,171.08116073608397,171.47461103255952,-1.145361378166882,-1.74382189911835,0.598460520951468,49.461652907493544,177.11618052703753,165.04614094513042,5.476215415825777,1.0673183660078962,4.408897049817881,5.476215415825777,3.15918979069409,0.7320436876115475,20.17782627936985,51.22962872945502
2024-04-17 00:00:00-04:00,169.18443695551,170.22182082390646,167.57847595214844,167.57847595214844,50901200,0.0,0.0,170.67817459106445,171.10355054871087,-1.332886682457854,-1.661634855786251,0.328748173328397,40.661282425168544,176.504723647454,164.8516255346749,2.6433448717580177,1.2668037340627052,1.3765411376953125,2.6433448717580177,3.070841334839969,0.7401910700415307,7.911128526964557,25.896293272781616
2024-04-18 00:00:00-04:00,167.60840163815763,168.21687172113144,166.1321193068702,166.62088012695312,43122900,0.0,0.0,170.0981330871582,170.6766295561625,-1.5410080358927587,-1.6375094918075528,0.09650145591479409,41.9448302045139,174.99891598786812,165.1973501864483,2.0847524142612315,0.6383957689830027,1.4463566452782288,2.0847524142612315,3.020254999086305,0.7459053828120369,4.148945688357668,10.745966831564026
2024-04-19 00:00:00-04:00,165.7929692214355,165.98247970725325,163.66830873342062,164.58599853515625,67772100,0.0,0.0,169.78043212890626,170.09656945892382,-1.8488314678623965,-1.6797738870185215,-0.169057580843875,41.06570619500958,175.24303468156907,164.31782957624344,2.3141709738326313,0.6384004196998774,2.9525713935325086,2.9525713935325086,3.088653784243988,0.7581180274112398,6.442563082200199,6.167545765840809
2024-04-22 00:00:00-04:00,165.1046847536948,166.84030903901143,164.3565666388509,165.4238739013672,48116400,0.0,0.0,169.45923919677733,169.65155083439464,-2.0020953073675116,-1.7442381710883197,-0.25785713627919193,44.6042947739122,175.16025844397993,163.75821994957474,2.483742400160537,2.25431050385518,0.22943189630535699,2.483742400160537,3.1378141696594883,0.7632088332736349,12.324795718572705,7.638768163043525
2024-04-23 00:00:00-04:00,164.93511779278057,166.63084919015444,164.50618881351107,166.48121643066406,49537800,0.0,0.0,169.26223373413086,169.34961422451553,-2.0150115005701252,-1.7983928369846809,-0.21661866358544435,45.09802210651001,175.0940788571872,163.4303886110745,2.1246603766433623,1.2069752887872482,0.917685087856114,2.1246603766433623,3.139952647426942,0.7696005499246867,19.747778878682638,12.838379226485182
2024-04-24 00:00:00-04:00,166.12212834894586,168.87521298334806,165.79296974487917,168.59591674804688,48251800,0.0,0.0,169.22781982421876,169.27783351247092,-1.8334738887231765,-1.8054090473323803,-0.028064841390796236,50.34082377476538,175.06723747721244,163.38840217122507,3.082243238468891,2.3939965526840012,0.6882466857848897,3.082243238468891,3.139240543041944,0.7823028857360277,34.59385232193134,22.222142306395558
2024-04-25 00:00:00-04:00,169.10463252247135,170.1819245302526,167.72809019800033,169.46372985839844,50558300,0.0,0.0,169.0572494506836,169.29553792636878,-1.601122020054703,-1.7645516418768448,0.16342962182214182,50.52633711338921,174.6418172191947,163.4726816821725,2.4538343322522564,1.5860077822057121,0.8678265500465443,2.4538343322522564,3.2026546361253474,0.7874501818692339,40.686260340878604,31.675963847164194
2024-04-26 00:00:00-04:00,169.45376017564897,170.91008837659274,168.75550436424768,168.87521362304688,44838400,0.0,0.0,168.94852294921876,169.2555070403381,-1.4477807169942878,-1.7011974569003334,0.25341673990604563,51.47008400480028,174.45386602608835,163.44317987234916,2.1545840123450546,1.4463585181943017,0.7082254941507529,2.1545840123450546,3.261080918391317,0.7909229971781104,36.55463224173178,37.27824830151391
2024-04-29 00:00:00-04:00,172.93498806378426,175.5883174432168,172.66567648639662,173.06466674804688,68169400,0.0,0.0,169.12158737182617,169.618284155358,-0.9769412050011113,-1.5563462065204892,0.5794050015193779,56.005015592179014,174.92324937928535,163.31992536436698,2.9226409568201746,6.71310382016992,3.7904628633497452,6.71310382016992,3.6173272639181095,0.8157309783798483,65.96633103873849,47.73574120711629
2024-04-30 00:00:00-04:00,172.89510648752642,174.55094510114296,169.57345983027295,169.9026336669922,65934800,0.0,0.0,169.1959014892578,169.64536506122792,-0.8491585715293297,-1.4149086795222572,0.5657501079929275,53.84384797087587,174.99760384187752,163.3941991366381,4.977485270870005,1.4862783530960826,3.4912069177739227,4.977485270870005,3.7904639981924118,0.8340017966841882,43.76754714229578,48.762836807588684
2024-05-01 00:00:00-04:00,169.15450985940603,172.27666126931797,168.68568791540957,168.87521362304688,50383100,0.0,0.0,169.17844619750977,169.57201730521066,-0.8213263856023332,-1.2961922207382726,0.4748658351359394,39.34671883073743,174.98188896479078,163.37500343022876,3.590973353908396,2.374027602325782,1.2169457515826139,3.590973353908396,3.49976673185513,0.8400489074426891,36.55463224173178,48.762836807588684
2024-05-02 00:00:00-04:00,172.07714095067269,172.9848612765476,170.46121064520491,172.59584045410156,94214900,0.0,0.0,169.38841705322267,169.8600004622479,-0.49335855670807405,-1.135625487932233,0.6422669312241589,43.964300271792595,175.37375037863444,163.4030837278109,2.52365063134269,4.10964765350073,1.5859970221580397,4.10964765350073,3.4976286189662766,0.8620807186909618,71.31467217300143,50.54561718567633
2024-05-03 00:00:00-04:00,186.18166020430448,186.5307880883928,182.20168147231004,182.9198760986328,163224100,0.0,0.0,170.0766860961914,171.1037981419036,0.5927884097296214,-0.7899427083998621,1.3827311181294837,64.99300148380559,178.58348090727262,161.56989128511017,4.329106616082754,13.934947634291234,9.60584101820848,13.934947634291234,4.198721870570566,0.9218969669699968,84.20594751034876,64.02508397502733
2024-05-06 00:00:00-04:00,181.89248296216456,183.7378321090879,179.96731749133704,181.25408935546875,78569700,0.0,0.0,170.73802337646484,172.07049254319554,1.3041195587975096,-0.3711302549603879,1.6752498137578975,68.12705889126175,180.53301242729293,160.94303432563675,3.770514617750848,0.8179560104550774,2.952558607295771,3.770514617750848,4.076886099279499,0.9310036139822977,76.91983161145443,77.48015043160154
2024-05-07 00:00:00-04:00,182.9896901956702,184.43604885883423,180.8650450721818,181.94232177734375,77305800,0.0,0.0,171.37292556762696,173.01066675597158,1.9014702584299812,0.08338984771768598,1.8180804107122952,71.60866321576549,182.33666111355538,160.40919002169855,3.571003786652426,3.1819595033654764,0.3890442832869496,3.571003786652426,4.143147450343386,0.9348006727097578,79.9301456337843,80.35197491852917
2024-05-08 00:00:00-04:00,182.3912187494054,182.6106679669662,180.99472234488195,182.281494140625,45057100,0.0,0.0,172.11904907226562,173.89360269736716,2.374867373920239,0.5416853529581965,1.8331820209620422,74.00617314560034,183.93089030796827,160.30720783656298,1.61594562208424,0.6683461896224401,0.9475994324618,1.61594562208424,4.109661250902172,0.936664847905325,81.41367836011342,79.42121853511738
2024-05-09 00:00:00-04:00,182.1019366221584,184.19667360442534,181.65306876038784,184.10690307617188,48983000,0.0,0.0,172.59435424804687,174.86629797153904,2.8643152014400357,1.0062113226545644,1.8581038787854713,80.11702900017796,185.537544503713,159.65116399238073,2.543604844037503,1.9151794638003423,0.6284253802371609,2.543604844037503,4.080449354509672,0.9466790786101635,89.06890590167261,83.47090996519012
2024-05-10 00:00:00-04:00,184.68621556318556,184.87599832689259,181.91942916527435,182.83836364746094,50759500,0.25,0.0,172.9309211730957,175.62554232162685,3.1139499243980993,1.4277590430032714,1.6861908813948279,76.51488609952317,186.58903734362983,159.27280500256157,2.9565691616182335,0.76909525072071,2.1874739108975234,2.9565691616182335,4.114222694613793,0.9535693114450838,83.23499830871866,84.57252752350156
2024-05-13 00:00:00-04:00,185.225611031474,186.88369552554556,184.40655173639718,186.06463623046875,72044800,0.0,0.0,173.6213180541992,176.61974174151655,3.531412549583564,1.84848974431933,1.682922805264234,77.96991219486681,188.47918210965798,158.76345399874043,2.4771437891483856,4.045331878084625,1.568188088936239,4.045331878084625,4.251413516145312,0.9712148018041451,96.11649545115401,89.47346655384843
2024-05-14 00:00:00-04:00,187.29321195228255,188.08230715884645,186.07462118962928,187.2133026123047,52393600,0.0,0.0,174.53423233032225,177.62865230063923,3.9098718955068534,2.260766174556835,1.6491057209500184,77.34474837234842,190.39474948129012,158.6737151793544,2.007685969217164,2.0176709283776972,0.009984959160533435,2.0176709283776972,4.1753726368530835,0.9773882821876669,95.73059210180672,91.69402862055979
2024-05-15 00:00:00-04:00,187.6927512010029,190.42957359114274,187.15336698785217,189.5006561279297,70400000,0.0,0.0,175.63034133911134,178.75931933180973,4.344295630505087,2.6774720657464854,1.6668235647586016,78.251648231545,192.46685063928714,158.79383203893553,3.276206603290575,3.216270978838054,0.0599356244525211,3.276206603290575,4.234113513355821,0.9896061827519331,95.72791414990857,95.85833390095642
2024-05-16 00:00:00-04:00,190.24979042229978,190.87906692858394,189.44072933773313,189.62051391601562,52845200,0.0,0.0,176.78032302856445,179.7937188160198,4.644709769162887,3.070919606429766,1.573790162733121,79.64219122553953,194.15894628817452,159.4016997689544,1.4383375908508071,1.378410800654251,0.05992679019655611,1.4383375908508071,4.18295305467766,0.9902386754859163,94.32915099669493,95.26255241613676
2024-05-17 00:00:00-04:00,189.29089777212403,190.58939786133627,188.96127746355222,189.65048217773438,41282900,0.0,0.0,178.03354721069337,180.73245818380215,4.829536436918943,3.4226429725276013,1.4068934643913416,76.89588141907541,195.3242908558282,160.74280356555855,1.6281203977840448,0.9688839453206413,0.6592364524634036,1.6281203977840448,3.819739953078669,0.9903967188383989,94.46418343903262,94.84041619521206
2024-05-20 00:00:00-04:00,189.11110786674266,191.69810977923598,188.7914705191316,190.81912231445312,44361300,0.0,0.0,179.30330963134764,181.69309286291175,5.01253105718493,3.740620589459067,1.2719104677258626,86.2630068828612,196.42410500592518,162.1825142567701,2.9066392601043844,2.0476276015016026,0.8590116586027818,2.9066392601043844,3.6718223808811246,0.9965587919494154,96.18037827576703,94.9912375704982
2024-05-21 00:00:00-04:00,190.86907148104808,192.50717481837918,190.6992698520675,192.12762451171875,42309400,0.0,0.0,180.58563003540038,182.68685778184573,5.203161991281348,4.033128869823523,1.1700331214578252,89.92369836068323,197.50337424521953,163.66788582558124,1.8079049663116962,1.688052503926059,0.11985246238563718,1.8079049663116962,3.544460353195646,1.0034160826726655,98.27836830506024,96.3076433399533
2024-05-22 00:00:00-04:00,192.04771725232771,192.59708443506426,190.05002949048443,190.67929077148438,34648500,0.0,0.0,181.68979873657227,183.44804187609705,5.177684823716788,4.262040060602176,0.9156447631146118,83.6764965806812,198.19015165392335,165.1894458192212,2.547054944579827,0.4694599233455108,2.077595021234316,2.547054944579827,3.4328465882727244,1.0109544767162875,84.81528857876202,93.09134505319643
2024-05-23 00:00:00-04:00,190.75919100120913,190.77917214539482,186.41422947138201,186.6639404296875,51005900,0.0,0.0,182.54980926513673,183.75431792881997,4.778406276863677,4.365313303854477,0.4130929730092001,59.11404300524101,198.13465874735334,166.96495978292012,4.364942674012809,0.09988137391044916,4.26506130010236,4.364942674012809,2.749274805395694,1.0320126122146462,53.02253769359098,78.70539819247108
2024-05-24 00:00:00-04:00,188.6016982061538,190.35965784997902,187.82258600140187,189.76034545898438,36294600,0.0,0.0,183.59406585693358,184.3263205507404,4.658133101160672,4.423877263315716,0.23425583784495618,69.35817906036092,198.08110989241794,169.10702182144922,2.537071848577142,3.6957174202915155,1.1586455717143735,3.6957174202915155,2.7439321484343133,1.0486007385671123,75.82058081858563,71.21946903031288
2024-05-28 00:00:00-04:00,191.28858695639587,192.7768698320682,188.88138477648047,189.77035522460938,52280100,0.0,0.0,184.42935028076172,184.84480004348984,4.511616342512639,4.441425079155101,0.07019126335753789,68.38215481459399,198.27228818459093,170.58641237693251,3.895485055587727,3.0165243730838256,0.8789606825039016,3.895485055587727,2.767109381929692,1.0486534880791392,74.48245652391824,67.77519167869828
2024-05-29 00:00:00-04:00,189.39078555405024,192.02773274385174,189.2908950712484,190.0699920654297,53068000,0.0,0.0,185.4377182006836,185.34243737891268,4.3693122329533765,4.4270025099147565,-0.05769027696138007,68.32333811734789,197.6695416092886,173.20589479207862,2.736837672603343,2.257377519242368,0.479460153360975,2.736837672603343,2.8471730998239133,1.0502324324852117,75.66589199864563,75.32297644704984
2024-05-30 00:00:00-04:00,190.5394463789207,191.95780280983485,190.40960704305542,191.06883239746094,49947900,0.0,0.0,186.5473991394043,185.88780833306012,4.287707247871538,4.3991434575061135,-0.11143620963457579,67.04151829101126,196.2095684176757,176.88522986113287,1.548195766779429,1.887810744405158,0.3396149776257289,1.887810744405158,2.8003306641358887,1.0554875509874917,84.26850777245242,78.13895209833878
2024-05-31 00:00:00-04:00,191.2186641606353,192.34736255924997,189.69043432876362,192.02772521972656,75158300,0.0,0.0,187.51899337768555,186.47256232226647,4.251401832300161,4.369595132464923,-0.11819330016476215,72.8400979998028,194.9168063395555,180.1211804158156,2.6569282304863577,1.2785301617890354,1.3783980686973223,2.6569282304863577,2.778927740483612,1.060506123667472,91.0499863472443,83.66146203944744
2024-06-03 00:00:00-04:00,192.67696567521375,194.76456083029888,192.29741538977316,193.8056640625,50080500,0.0,0.0,188.06328277587892,187.17095296419348,4.316338273856644,4.3589437607432675,-0.04260548688662347,70.73297522093225,195.63610959303404,180.4904559587238,2.4671454405257123,2.7368356105723137,0.26969017004660145,2.7368356105723137,2.68546372137559,1.069764884821566,88.96543811062662,88.09464407677444
2024-06-04 00:00:00-04:00,194.414963181449,195.09418491376067,192.80682399954836,194.12530517578125,47471400,0.0,0.0,188.70684356689452,187.83327222243994,4.34352379951045,4.355859768496704,-0.012335968986254109,69.3728878362462,196.02662490124953,181.3870622325395,2.2873609142123144,1.288520851260671,0.9988400629516434,2.2873609142123144,2.704727291792348,1.071414171568821,88.83773373709958,89.6177193983235
2024-06-05 00:00:00-04:00,195.17408160134354,196.6723473717975,194.64469558174162,195.64353942871094,54156800,0.0,0.0,189.39190444946288,188.57710719446575,4.436436857740603,4.371975186345484,0.06446167139511871,67.99294905945746,196.60992313663436,182.1738857622914,2.0276517900558986,2.547042196016264,0.5193904059603653,2.547042196016264,2.652644119844183,1.0792350697848208,89.97079237074371,89.25798807282331
2024-06-06 00:00:00-04:00,195.46374994249493,196.27281099963508,193.94550306571446,194.25514221191406,41181800,0.0,0.0,189.99058685302734,189.11787243422273,4.347918970310445,4.367163943138476,-0.01924497282803106,62.63613376366954,196.69327688279645,183.28789682325822,2.327307933920622,0.6292715709241463,1.6980363629964756,2.327307933920622,2.716142001492027,1.0863316354105044,76.43617295736537,85.08156635506957
2024-06-07 00:00:00-04:00,194.4249530208514,196.71231401609788,193.9155481344315,196.66236877441406,53103900,0.0,0.0,190.61836013793945,189.83639589519333,4.421047884343125,4.3779407313794065,0.04310715296371814,66.9238027263346,197.35258862174652,183.88413165413237,2.7967658816663743,2.4571718041838153,0.339594077482559,2.7967658816663743,2.7996166789121935,1.098723722101697,99.51500454801138,88.64065662537348
2024-06-10 00:00:00-04:00,196.67234166962024,197.07188834151233,191.9278335340749,192.89671325683594,97262100,0.0,0.0,191.12127761840821,190.12785469154025,4.127566133144882,4.327865811732502,-0.2002996785876201,54.4558512152738,196.83397328115188,185.40858195566454,5.144054807437442,0.40951956709827186,4.73453524033917,5.144054807437442,2.9594320751502687,1.1178715414890328,60.82465074597248,78.92527608378307
2024-06-11 00:00:00-04:00,193.4261003259925,206.92049013592867,193.40613442314833,206.91049194335938,172373300,0.0,0.0,192.16357040405273,191.7262010964754,4.968500768787521,4.455992803143506,0.5125079656440157,70.52130524999386,200.83315325803446,183.493987550071,13.514355712780343,14.023776879092736,0.5094211663123929,14.023776879092736,3.8319943546346287,1.1905206729849362,99.9512432191668,86.76363283771688
2024-06-12 00:00:00-04:00,207.13024721546452,219.94541582044732,206.6607893800588,212.82366943359375,198134300,0.0,0.0,193.4440887451172,193.73548379524857,6.042438066374814,4.773281855789768,1.269156210585046,77.35009456840397,205.811770856671,181.0764066335634,13.284626440388536,13.034923877087948,0.2497025633005876,13.284626440388536,4.598963747192394,1.2190991053046132,78.76082786718314,79.84557394410747
2024-06-13 00:00:00-04:00,214.49173148985017,216.49940211957852,211.3553624447995,213.9923095703125,97862700,0.0,0.0,194.66867141723634,195.6647052976356,6.908207093152981,5.200266903262411,1.7079401898905706,86.30569736440947,209.9088163102948,179.42852652417787,5.144039674779009,3.6757326859847694,1.4683069887942395,5.144039674779009,4.654613532961408,1.2245902245012183,81.4676780231695,86.72658303650648
2024-06-14 00:00:00-04:00,213.60276725932692,214.9212332396349,211.05571234780385,212.2443389892578,70122700,0.0,0.0,195.79986267089845,197.24371803017107,7.368350904326292,5.6338837034751865,1.734467200851105,80.97989507071185,212.72740423465012,178.87232110714677,3.8655208918310393,0.928923669322387,2.9365972225086523,3.8655208918310393,4.666742352357089,1.2327586048722912,75.20902287185555,78.4791762540694
2024-06-17 00:00:00-04:00,213.12330688362184,218.6968573821251,212.4740644791458,216.41949462890625,93728300,0.0,0.0,197.13831329345703,199.06998246814587,7.9779534751682775,6.102697657813804,1.875255817354473,82.9382454340397,216.12638845084825,178.1502381360658,6.222792902979307,6.45251839286729,0.2297254898879828,6.45251839286729,4.8493875907342,1.2524300630583196,88.49787533659872,81.72485874387459
2024-06-18 00:00:00-04:00,217.3384239953892,218.37723010733959,212.75373450133438,214.042236328125,79943300,0.0,0.0,198.29946899414062,200.4959114071915,8.175006639438891,6.517159454138822,1.657847185300069,78.1822115244902,218.4642795598984,178.13465842838286,5.623495606005207,1.9577354784333352,3.665760127571872,5.623495606005207,5.055577443120048,1.263414555489824,80.48857014192869,81.39848945012766
2024-06-20 00:00:00-04:00,213.68266276066225,213.99231716432826,208.6085492903026,209.4375762939453,86172500,0.0,0.0,199.16496658325195,201.34749853926328,7.8689072453067865,6.787509012372415,1.0813982329343714,69.90689936863551,219.69698049656284,178.63295266994106,5.383767874025665,0.049919163796744215,5.433687037822409,5.433687037822409,5.30885432122128,1.28492741254632,65.26905980957108,78.08516842936616
2024-06-21 00:00:00-04:00,210.14676322476728,211.64502904420556,206.8705565188874,207.2501220703125,246421400,0.0,0.0,199.99350814819337,201.90965316126795,7.364913853200562,6.902989980538045,0.461923872662517,66.06918213667298,220.42084020274933,179.5661760936374,4.774472525318146,2.207452750260245,2.5670197750579007,4.774472525318146,5.4601074851378355,1.2953718335635052,54.68811826668666,66.81524940606214
2024-06-24 00:00:00-04:00,207.4798404499802,212.454078428602,206.3511420510979,207.89935302734375,80727000,0.0,0.0,201.05527877807617,202.48010076756088,6.937907096946617,6.90997340381976,0.02793369312685723,65.24087554625936,220.7601452403168,181.35041231583554,6.102936377504108,5.203956358289503,0.8989800192146049,6.102936377504108,5.700543254204392,1.2985044298222952,57.00534517939937,58.98750775188571
2024-06-25 00:00:00-04:00,208.9081869431628,211.1356197216104,208.36881796558913,208.8282928466797,56713900,0.0,0.0,202.00867614746093,203.0846904893817,6.598396637071346,6.847658050470077,-0.24926141339873098,65.69296941289899,221.25228489671898,182.7650673982029,2.766801756021266,3.2362666942666465,0.4694649382453804,3.2362666942666465,5.768322238493988,1.3029726487263422,60.32090542239638,57.338122956160795
2024-06-26 00:00:00-04:00,211.2554717695587,214.61158767540186,210.39646545910043,213.00344848632812,66213200,0.0,0.0,203.1703308105469,204.0293341081385,6.590263858997815,6.796179212175625,-0.20591535317780973,67.53430497233686,222.10580549750136,184.2348561235924,4.215122216301438,5.783294828722177,1.5681726124207387,5.783294828722177,5.999483140830124,1.322965895727187,75.22281807486392,64.18302289221988
2024-06-27 00:00:00-04:00,214.4417922510153,215.4905813596252,212.1045012600432,213.85247802734375,49772700,0.0,0.0,204.35945510864258,204.9648716242533,6.576518154559665,6.752247000652433,-0.17572884609276862,70.01225668547188,222.81185201296435,185.9070582043208,3.3860800995819886,2.487132873297071,0.8989472262849176,3.3860800995819886,6.075109724091651,1.326951885376881,78.25316356412688,71.26562902046238
2024-06-28 00:00:00-04:00,215.52053491072314,215.82019110439893,210.0568580061261,210.37648010253906,82542700,0.0,0.0,205.3248374938965,205.48026290789957,6.213515068425039,6.6445006142069545,-0.4309855457819154,63.705311286942226,222.8462931797901,187.80338180800288,5.763333098272824,1.9677130770551798,3.795620021217644,5.763333098272824,6.287007382420683,1.3432060712384084,65.84667577629449,73.10755247176176
2024-07-01 00:00:00-04:00,211.84478889932726,217.25852074788511,211.67498727343576,216.49940490722656,60402900,0.0,0.0,206.54842147827148,206.52970500307356,6.346740098540465,6.584948511073657,-0.2382084125331918,72.52622044102185,223.57082962711291,189.52601332943004,5.583533474449354,6.882040645346052,1.2985071708966984,6.882040645346052,6.411149227985583,1.3723106783774914,87.01543247673814,77.03842393905317
2024-07-02 00:00:00-04:00,215.90008813229406,220.12520851414416,214.8513143018939,220.0153350830078,58046200,0.0,0.0,207.85890502929686,207.81405072497205,6.659264223353773,6.599811653529681,0.059452569824092194,65.64140128061345,224.78601722036228,190.93179283823144,5.273894212250269,3.6258036069176,1.6480906053326692,5.273894212250269,5.786157608925407,1.3885505852598585,99.2023166765521,84.02147497652824
2024-07-03 00:00:00-04:00,219.7456427738116,221.29385375976562,218.77676303865346,221.29385375976562,37369800,0.0,0.0,209.2173324584961,209.09784149019046,6.930220349790972,6.665893392781939,0.2643269570090325,61.36727955420602,225.86212576298286,192.57253915400932,2.5170907211121687,1.2785186767578125,1.2385720443543562,2.5170907211121687,5.017047914691381,1.3943616287322393,100.0,95.40591638443009
2024-07-05 00:00:00-04:00,221.39372811908063,226.1881815360653,221.39372811908063,226.07830810546875,60412400,0.0,0.0,210.73907089233398,210.71502878688364,7.445196916887113,6.821754097602975,0.6234428192841381,64.78493499666995,227.72026370915736,193.7578780755106,4.794453416984652,4.8943277762996615,0.09987435931500954,4.8943277762996615,4.999211350514285,1.4159819957890536,99.4461198170231,99.54947883119173
2024-07-08 00:00:00-04:00,226.82744313327814,227.58657420321984,222.99188645966368,227.55661010742188,59085900,0.0,0.0,212.40414428710938,212.3189889126492,7.881750262581107,7.033753330598602,0.8479969319825056,68.85607782758021,229.1082229088126,195.70006566540616,4.594687743556165,1.5082660977510898,3.086421645805075,4.594687743556165,5.051294697066079,1.4225208893889805,99.8588957569438,99.76833852465563
2024-07-09 00:00:00-04:00,227.66647075237483,229.13477242689476,226.10827678949187,228.4156036376953,48076100,0.0,0.0,213.99180603027344,213.85199983884408,8.202482421735425,7.267499148825967,0.9349832729094585,66.086246245853,230.4300450855304,197.55356697501648,3.0264956374028884,1.5781623194728809,1.4483333179300075,3.0264956374028884,4.806578785961479,1.4262957458076446,96.84348465394953,98.7161667426388
2024-07-10 00:00:00-04:00,229.03489432853675,232.81052280414056,228.98494908857583,232.71063232421875,62627700,0.0,0.0,215.98250198364258,215.64806007554643,8.702916089265784,7.55458253691393,1.148333552351854,73.80892331571773,231.26688480441877,200.6981191628664,3.8255737155647296,4.3949191664452485,0.5693454508805189,4.3949191664452485,4.71882332599291,1.4450993153454599,99.622476123481,98.77495217812476
2024-07-11 00:00:00-04:00,231.12247556848655,232.12131940866172,225.50897806386928,227.30690002441406,64710600,0.0,0.0,217.0023223876953,216.7584257849624,8.564748253993002,7.7566156803297455,0.808132573663257,72.33459283009915,232.45887373718062,201.54577103820998,6.612341344792441,0.5893129155570307,7.201654260349471,7.201654260349471,4.845106699030558,1.4683201379002113,79.19972946043488,91.8885634126218
2024-07-12 00:00:00-04:00,228.65533061100126,232.3710309246342,228.4156026019726,230.27345275878906,53046500,0.0,0.0,217.87481155395508,218.04557121104116,8.59554121366969,7.924400786997735,0.6711404266719558,78.2267716924311,234.27914774003065,201.47047536787952,3.9554283226615894,5.064130900220135,1.108702577558546,5.064130900220135,4.865796582952129,1.4813710076012911,90.41145343108701,89.74455300500097
2024-07-15 00:00:00-04:00,236.2065948881155,236.95572779308304,232.82051476730805,234.12899780273438,62631300,0.0,0.0,218.88164596557618,219.57732612453577,8.829276713062512,8.105375972210691,0.7239007408518212,79.81379666790386,236.69403730839392,201.06925462275845,4.135213025774988,6.68227503429398,2.547062008518992,6.68227503429398,4.907177915579977,1.4981143403552581,90.11180289367962,86.57432859506719
2024-07-16 00:00:00-04:00,234.72830752859608,235.9968435006337,232.06139624646423,234.54852294921875,43234300,0.0,0.0,219.99685516357422,221.0031543935532,8.945250671986571,8.273350912165867,0.6718997598207039,79.57729203698212,238.82354095418722,201.17016937296123,3.9354472541694747,1.8678456978993268,2.067601556270148,3.9354472541694747,4.957119384144464,1.4999061950610895,91.05090710899859,90.5247211445884
2024-07-17 00:00:00-04:00,229.1847200362218,231.19240594396558,226.37797123546218,228.61538696289062,57345900,0.0,0.0,220.60664978027344,221.72812892396627,8.46087468451924,8.310855666636542,0.15001901788269834,67.25546228011237,239.73312114337838,201.4801784171685,4.8144347085033985,3.356117005253168,8.170551713756566,8.170551713756566,5.127637733075493,1.5252021803511469,68.99371276098528,83.3854742545545
2024-07-18 00:00:00-04:00,230.01376046370817,230.17357913751758,222.01302671532576,223.92080688476562,66034600,0.0,0.0,221.10057830810547,221.93695539642334,7.610461187427802,8.170776770794793,-0.5603155833669913,60.256385545764346,240.02239452697293,202.178762089238,8.160552422191813,1.558192174626953,6.60236024756486,8.160552422191813,5.468671470404765,1.5457370189746165,51.54100892879166,70.52854293292518
2024-07-19 00:00:00-04:00,224.56007929212146,226.53778582663386,223.02185124438603,224.0506591796875,49151500,0.0,0.0,221.83123245239258,222.138260518639,6.867812491723981,7.910183914980632,-1.0423714232566503,64.94868095114973,239.96910857968703,203.69335632509814,3.515934582247837,2.61697894186824,0.8989556403795973,3.515934582247837,5.30814300497441,1.5463169217390287,48.95296439846694,56.495895362747966
2024-07-22 00:00:00-04:00,226.74754193953342,227.5166559886428,222.8320757894778,223.70108032226562,48201800,0.0,0.0,222.65378036499024,222.28710049993677,6.179812921087915,7.564109716202089,-1.3842967951141736,59.010264357902045,239.44991378065473,205.85764694932575,4.684580199164998,3.4659968089553104,1.2185833902096874,4.684580199164998,5.151181544532905,1.5478771887728406,40.036194689803736,46.84338933902078
2024-07-23 00:00:00-04:00,224.1105879628454,226.67762395265615,222.42253943120292,224.74984741210938,39960300,0.0,0.0,223.4963050842285,222.52164782490559,5.6540190319322505,7.182091579348122,-1.5280725474158716,56.31326110178544,238.80042477113759,208.19218539731943,4.255084521453227,2.9765436303905233,1.278540891062704,4.255084521453227,5.078409423761689,1.5525654410080685,32.85712060143845,40.615426563236376
2024-07-24 00:00:00-04:00,223.74101699336492,224.54009510228497,216.8789647868516,218.28732299804688,61777600,0.0,0.0,223.96925659179686,222.1183787937762,4.662109974270436,6.6780952583325845,-2.0159852840621486,46.47786968997331,237.8865735285558,210.05193965503793,7.661130315433354,0.20975230982440962,7.870882625257764,7.870882625257764,5.46082313120066,1.5813197404591048,7.014866942236342,26.63606074449284
2024-07-25 00:00:00-04:00,218.67687825947047,220.59467187678908,214.37186367512805,217.23855590820312,51391200,0.0,0.0,224.18101196289064,221.65363375705496,3.748181457832544,6.092112498232577,-2.343931040400033,38.65094589490545,237.51235377125107,210.8496701545302,6.222808201661024,2.3073488787422036,3.915459322918821,6.222808201661024,5.555714590155042,1.5861242663263864,12.693541805345646,17.521843116340147
2024-07-26 00:00:00-04:00,218.44714249209272,219.2362376525438,215.7602501518015,217.7080078125,41601300,0.0,0.0,224.37378845214843,221.27785985757353,3.026875433526442,5.479065085291351,-2.4521896517649093,37.01946282161842,237.17732511348072,211.57025179081614,3.475987500742292,1.9976817443406674,1.4783057564016246,3.475987500742292,5.475807429954052,1.5882852634953017,14.772246768521738,11.493551838701242
2024-07-29 00:00:00-04:00,216.70916725528429,219.04645819403996,215.50055949707524,217.98768615722656,36311800,0.0,0.0,224.7543487548828,220.96450998135003,2.449565847298686,4.8731652376928185,-2.4235993903941324,36.04278227766409,236.18497480061666,213.32372270914897,3.545898696964713,1.3384503815399569,2.207448315424756,3.545898696964713,5.512907648494182,1.589569912358413,16.01064575669227,14.492144776853218
2024-07-30 00:00:00-04:00,218.93659134819188,220.07527275577738,215.87013333691414,218.5470428466797,41643800,0.0,0.0,224.85673065185546,220.73427501614333,2.0139635330618546,4.3013248967666255,-2.287361363704771,28.936424752960107,236.00933868945148,213.70412261425943,4.20513941886324,2.087586598550814,2.117552820312426,4.20513941886324,5.499351952238324,1.592135913673963,18.487443733033334,16.42344541941578
2024-07-31 00:00:00-04:00,221.1839827384757,223.56123595882272,220.3749216653048,221.8232421875,50036300,0.0,0.0,224.94712600708007,220.83798617532017,1.9110777524225,3.8232754678978007,-1.9121977154753007,41.293988882531096,235.96297753778074,213.9312744763794,3.18631429351791,5.014193112143033,1.8278788186251234,5.014193112143033,5.343104727366436,1.6071267334908146,32.994258526590365,22.497449338771986
2024-08-01 00:00:00-04:00,224.110590003871,224.22046343714268,216.7690968426558,218.1075439453125,62501000,0.0,0.0,224.7878105163574,220.5779440581766,1.512281594397507,3.361076693197742,-1.848795098800235,31.133832294947368,236.11391947473143,213.4617015579834,7.4513665944868706,2.3972212496426835,5.054145344844187,7.4513665944868706,5.513621562671203,1.6238774499871804,16.541368875906603,22.674357045176766
2024-08-02 00:00:00-04:00,218.89661861998934,225.3391734979224,217.45829631147987,219.60580444335938,105568600,0.0,0.0,224.46418533325195,220.4853593329559,1.3021198397275953,2.949285322503713,-1.6471654827761175,25.701839303000966,236.00292258406654,212.92544808243736,7.880877186442518,7.231629552609888,0.6492476338326298,7.880877186442518,5.599236002110383,1.6307468157640128,24.203216883736157,24.57961476207771
2024-08-05 00:00:00-04:00,198.85982239251607,213.25316621507156,195.7733984925247,209.02806091308594,119548600,0.0,0.0,223.53775787353516,219.39418805487307,0.2788156210928321,2.4151913822215367,-2.1363757611287046,18.13415173663651,236.86736213780307,210.20815360926724,17.479767722546853,6.352638228287816,23.83240595083467,23.83240595083467,7.020447337586469,1.6789137736323858,37.422455834577654,26.055680531406804
2024-08-06 00:00:00-04:00,205.06264094927153,209.7472209414639,200.8375358240923,206.9904022216797,69660500,0.0,0.0,222.46649780273438,218.21287511837846,-0.688644111010575,1.7944242835751145,-2.4830683945856897,20.088366287421323,237.48257198821744,207.45042361725132,8.909685117371595,0.7191600283779565,8.190525088993638,8.909685117371595,7.073242580701828,1.6886620279218112,32.60739774861524,31.41102348897635
2024-08-07 00:00:00-04:00,206.66078565300305,213.3929986622491,206.15138077832643,209.57742309570312,63516400,0.0,0.0,221.3098373413086,217.3904511162189,-1.2324055509300536,1.189058316674081,-2.4214638676041345,28.931920200171945,236.56534875251117,206.05432593010602,7.241617883922686,6.402596440569425,0.8390214433532606,7.241617883922686,7.00760439939689,1.7011602927991016,43.48647773426064,37.83877710581785
2024-08-08 00:00:00-04:00,212.86361928255258,213.95235545083946,208.5885687073719,213.06338500976562,47161100,0.0,0.0,220.59766159057617,216.97834958227097,-1.3663025315009634,0.677986147039072,-2.0442886785400356,35.3098218234817,236.0035102012074,205.19181297994493,5.363786743467557,4.3749323551363375,0.9888543883312195,5.363786743467557,7.1395938394840135,1.7177935821227834,54.46821744540653,43.52069764276081
2024-08-09 00:00:00-04:00,211.85479245119006,216.5293744807485,211.72493786998632,215.99000549316406,42201600,0.0,0.0,219.88348922729492,216.88422157378457,-1.2221745713751488,0.29795400335622785,-1.5201285747313766,40.354816951602025,234.71428599693812,205.05269245765172,4.804436610762167,3.465989470982862,1.338447139779305,4.804436610762167,7.148155011740954,1.7315294968284674,65.41696709636085,54.45722075867601
2024-08-12 00:00:00-04:00,216.07000732421875,219.50999450683594,215.60000610351562,217.52999877929688,38028100,0.25,0.0,219.05353927612305,216.94572416478573,-0.9724774222816563,0.043867718228651015,-1.0163451405103074,41.078882767514735,232.30100255022379,205.8060760020223,3.9099884033203125,3.519989013671875,0.3899993896484375,3.9099884033203125,7.123505289017174,1.7386594252833354,73.58711308193399,64.49076587456712
2024-08-13 00:00:00-04:00,219.00999450683594,221.88999938964844,219.00999450683594,221.27000427246094,44155300,0.0,0.0,218.38961334228514,217.3575603655167,-0.4674153724285759,-0.058388899902794375,-0.4090264725257815,53.95136501627055,229.53085810248393,207.24836858208636,2.8800048828125,4.3600006103515625,1.4799957275390625,4.3600006103515625,6.87272800223816,1.7558524814785805,86.23689308087286,75.08032441972256
2024-08-14 00:00:00-04:00,220.57000732421875,223.02999877929688,219.6999969482422,221.72000122070312,41960600,0.0,0.0,218.0448440551758,217.7730309231535,-0.03048762385284931,-0.05280864469280537,0.02232102083995606,56.032586681871926,228.2403287150455,207.84935939530607,3.3300018310546875,1.7599945068359375,1.57000732421875,3.3300018310546875,6.666098975766279,1.757886182113792,87.75891287626139,82.52763967968941
2024-08-15 00:00:00-04:00,224.60000610351562,225.35000610351562,222.75999450683594,224.72000122070312,46414000,0.0,0.0,218.08480377197264,218.43464714196776,0.5514983629099959,0.06805275682775488,0.48344560608224096,58.836970133318566,228.38300401142405,207.78660353252124,2.5900115966796875,3.6300048828125,1.0399932861328125,3.6300048828125,6.677100217342722,1.771416761148084,97.86992176013321,90.62190923908913
2024-08-16 00:00:00-04:00,223.9199981689453,226.8300018310547,223.64999389648438,226.0500030517578,44340200,0.0,0.0,218.18477096557618,219.15991913337632,1.1072824203962455,0.275898689541453,0.8313837308547924,59.898603256295985,228.76185153822266,207.6076903929297,3.1800079345703125,2.1100006103515625,1.07000732421875,3.1800079345703125,6.65096516288598,1.7773352455901896,97.48846076051989,94.37243179897149
2024-08-19 00:00:00-04:00,225.72000122070312,225.99000549316406,223.0399932861328,225.88999938964844,40687800,0.0,0.0,218.29421691894532,219.80087915778319,1.5173433422995686,0.5241876200930762,0.9931557222064924,59.10468262226846,229.15317699957598,207.43525683831467,2.95001220703125,0.05999755859375,3.010009765625,3.010009765625,6.565598759083248,1.7780430697881515,96.97326062621907,97.4438810489574
2024-08-20 00:00:00-04:00,225.77000427246094,227.1699981689453,225.4499969482422,226.50999450683594,30299000,0.0,0.0,218.38222427368163,220.43984252435965,1.870782782286625,0.793506652531786,1.077276129754839,56.22097377822012,229.48722312033794,207.27722542702531,1.720001220703125,1.279998779296875,0.44000244140625,1.720001220703125,6.330299338266111,1.7807877469268594,97.89784986619092,97.45319041764328
2024-08-21 00:00:00-04:00,226.52000427246094,227.97999572753906,225.0500030517578,226.39999389648438,34765500,0.0,0.0,218.78785781860353,221.0074759883715,2.1175995850714173,1.0583252390397124,1.059274346031705,62.17213096395311,230.45661591868952,207.11909971851753,2.92999267578125,1.470001220703125,1.459991455078125,2.92999267578125,6.0073440583585676,1.7812733794067466,95.09416713748033,96.65509254329676
2024-08-22 00:00:00-04:00,227.7899932861328,228.33999633789062,223.89999389648438,224.52999877929688,43695300,0.0,0.0,219.1524299621582,221.34295434941203,2.137668984342838,1.2741939881003375,0.8634749962425006,57.14998502259019,231.0703350106473,207.2345249136691,4.44000244140625,1.94000244140625,2.5,4.44000244140625,5.761567290855977,1.7895330753767142,88.30090396090947,93.76430698819358
2024-08-23 00:00:00-04:00,225.66000366210938,228.22000122070312,224.3300018310547,226.83999633789062,38677300,0.0,0.0,219.60902938842773,221.86648215783856,2.3133052820718945,1.482016246894649,0.8312890351772455,84.03478459639267,231.9848619431015,207.23319683375396,3.8899993896484375,3.69000244140625,0.1999969482421875,3.8899993896484375,4.337109679342674,1.7998212220437633,94.54594253758702,92.6470045453256
2024-08-26 00:00:00-04:00,226.75999450683594,227.27999877929688,223.88999938964844,227.17999267578125,30602200,0.0,0.0,220.06864471435546,222.372530778595,2.4516718296734155,1.6759473634504023,0.7757244662230132,91.25445315310989,232.86651999458783,207.27076943412308,3.3899993896484375,0.44000244140625,2.9499969482421875,3.3899993896484375,3.9428464130767344,1.80132005974161,94.77207733400309,92.53964127749985
2024-08-27 00:00:00-04:00,226.0,228.85000610351562,224.88999938964844,228.02999877929688,35934600,0.0,0.0,220.54279251098632,222.91133725485233,2.59994614354855,1.860747119470032,0.739199024078518,90.58619870291488,233.79780720582988,207.28777781614275,3.9600067138671875,1.670013427734375,2.2899932861328125,3.9600067138671875,3.7084456152156275,1.8050616132714963,95.95286697490269,95.0902956154976
2024-08-28 00:00:00-04:00,227.9199981689453,229.86000061035156,225.67999267578125,226.49000549316406,38052200,0.0,0.0,220.77613067626953,223.2521628013582,2.5636379946304544,2.0013252945021165,0.5623127001283379,82.29632723591709,234.28787275146362,207.26438860107544,4.1800079345703125,1.8300018310546875,2.350006103515625,4.1800079345703125,3.6238899860086815,1.8118150812115779,81.41724037333202,90.71406156074595
2024-08-29 00:00:00-04:00,230.10000610351562,232.9199981689453,228.8800048828125,229.7899932861328,51906300,0.0,0.0,221.36025314331056,223.8748133237177,2.7692230808758325,2.15490485177686,0.6143182290989726,82.6087081933167,235.38653268104008,207.33397360558104,4.0399932861328125,6.42999267578125,2.3899993896484375,6.42999267578125,3.7400011335100447,1.8263852066605277,81.92836999585053,86.43282578136176
2024-08-30 00:00:00-04:00,230.19000244140625,230.39999389648438,227.47999572753906,229.0,52990800,0.0,0.0,221.82996292114257,224.36292634050648,2.8357165121643106,2.29106718385435,0.5446493283099607,78.09901105572119,236.23298566836462,207.4269401739205,2.9199981689453125,0.6100006103515625,2.30999755859375,2.9199981689453125,3.669287545340402,1.8298230991241438,71.81885595312009,78.38815544076755
2024-09-03 00:00:00-04:00,228.5500030517578,229.0,221.1699981689453,222.77000427246094,50190600,0.0,0.0,222.51706008911134,224.2112194768831,2.358516931493625,2.3045571333822052,0.05395979811141993,53.27511440778479,235.59920129140383,209.43491888681885,7.8300018310546875,0.0,7.8300018310546875,7.8300018310546875,3.917144775390625,1.8570283206417817,23.22244357595806,58.989889841642885
2024-09-04 00:00:00-04:00,221.66000366210938,221.77999877929688,217.47999572753906,220.85000610351562,43840200,0.0,0.0,223.2100402832031,223.89110391751476,1.8046026832289783,2.20456624335156,-0.3999635601225817,48.215025890514745,234.11657160544982,212.3035089609564,4.3000030517578125,0.9900054931640625,5.290008544921875,5.290008544921875,4.057145254952567,1.8656470670264926,21.826488621135397,38.95592938340451
2024-09-05 00:00:00-04:00,221.6300048828125,225.47999572753906,221.52000427246094,222.3800048828125,36615400,0.0,0.0,223.85016937255858,223.74718972373358,1.4721101955213385,2.058075033785516,-0.5859648382641773,44.89082951974051,232.69585727129922,215.00448147381795,3.959991455078125,4.6299896240234375,0.6699981689453125,4.6299896240234375,4.128572736467634,1.8725748403432827,31.735805573014876,25.594912590036106
2024-09-06 00:00:00-04:00,223.9499969482422,225.24000549316406,219.77000427246094,220.82000732421875,48423000,0.0,0.0,224.23800048828124,223.46841044758932,1.0703899489620312,1.860538016820819,-0.7901480678587878,38.69432560716959,231.65758097113732,216.81842000542517,5.470001220703125,2.8600006103515625,2.6100006103515625,5.470001220703125,4.292143685477121,1.8795898485469915,21.632196039830966,25.064830077993744
2024-09-09 00:00:00-04:00,220.82000732421875,221.27000427246094,216.7100067138672,220.91000366210938,67180000,0.0,0.0,224.4840003967285,223.22475265849602,0.7506328830397706,1.6385569900646093,-0.8879241070248387,39.20206821209099,231.02655987350354,217.94144091995346,4.55999755859375,0.4499969482421875,4.1100006103515625,4.55999755859375,4.402857099260602,1.8799974037272542,25.90992697239485,26.425976195080224
2024-09-10 00:00:00-04:00,218.9199981689453,221.47999572753906,216.72999572753906,220.11000061035156,51591000,0.0,0.0,224.61300048828124,222.9281096062918,0.4277388371423285,1.3963933594801532,-0.9686545223378247,36.230626097301865,230.6613158965926,218.56468507996988,4.75,0.5699920654296875,4.1800079345703125,4.75,4.619285583496094,1.8836188017558444,20.974680374795966,22.83893446234059
2024-09-11 00:00:00-04:00,221.4600067138672,223.08999633789062,217.88999938964844,222.66000366210938,44587100,0.0,0.0,224.68250045776367,222.90257570684585,0.3733037017544234,1.1917754279350075,-0.8184717261805841,42.71807681932212,230.59959495388904,218.7654059616383,5.1999969482421875,2.9799957275390625,2.220001220703125,5.1999969482421875,4.781428745814732,1.8952039321210563,36.70573772189265,27.86344835636115
2024-09-12 00:00:00-04:00,222.5,223.5500030517578,219.82000732421875,222.77000427246094,37498200,0.0,0.0,224.73500061035156,222.88994985595204,0.33517589563237493,1.020455521474481,-0.6852796258421061,46.32107674122348,230.5593261718519,218.91067504885123,3.7299957275390625,0.8899993896484375,2.839996337890625,3.7299957275390625,4.730713980538504,1.8956979616213814,37.3843353057125,31.688251134133704
2024-09-13 00:00:00-04:00,223.5800018310547,224.0399932861328,221.91000366210938,222.5,36766600,0.0,0.0,224.6240005493164,222.85281177443278,0.2799452121708441,0.8723534596137537,-0.5924082474429095,40.082263659352016,230.53352420356757,218.71447689506525,2.1299896240234375,1.269989013671875,0.8600006103515625,2.1299896240234375,4.6049989972795755,1.8969099931663944,35.718669575972996,36.60291420119271
2024-09-16 00:00:00-04:00,216.5399932861328,217.22000122070312,213.9199981689453,216.32000732421875,59357400,0.0,0.0,224.13750076293945,222.23063992203143,-0.25950781837752857,0.6459812040154973,-0.9054890223930259,30.41126113034059,231.06678129289404,217.20822023298487,3.3000030517578125,5.279998779296875,8.580001831054688,8.580001831054688,4.975713457380023,1.9246852411474338,12.631627133018092,28.57821067156786
2024-09-17 00:00:00-04:00,215.75,216.89999389648438,214.5,216.7899932861328,45519300,0.0,0.0,223.68250045776367,221.7124830995649,-0.641707092433677,0.38844354472566245,-1.0301506371593394,29.443990822385473,231.28921522384198,216.07578569168535,2.399993896484375,0.579986572265625,1.82000732421875,2.399993896484375,4.864283970424107,1.9268578832794658,15.105237458881579,21.15184472262422
2024-09-18 00:00:00-04:00,217.5500030517578,222.7100067138672,217.5399932861328,220.69000244140625,59894900,0.0,0.0,223.3915008544922,221.61510398926407,-0.6227262253340768,0.18620959071371462,-0.8089358160477915,40.23567406162194,230.9880613875303,215.79494032145408,5.170013427734375,5.920013427734375,0.75,5.920013427734375,4.988570077078683,1.9448476857429309,35.631601434004935,21.122822008634866
2024-09-19 00:00:00-04:00,224.99000549316406,229.82000732421875,224.6300048828125,228.8699951171875,66781300,0.0,0.0,223.51500091552734,222.30604600144727,0.051776447815768734,0.15932296213412545,-0.10754651431835671,48.66975284536056,231.39261143193045,215.63739039912423,5.19000244140625,9.1300048828125,3.94000244140625,9.1300048828125,5.181428091866629,1.9819132192301265,90.71602441777242,47.15095443688631
2024-09-20 00:00:00-04:00,229.97000122070312,233.08999633789062,227.6199951171875,228.1999969482422,318679900,0.0,0.0,223.6985008239746,222.8673746630468,0.5261957657487244,0.23269752285704526,0.29349824289167914,48.8392286645805,231.8421463701565,215.55485527779268,5.470001220703125,4.220001220703125,1.25,5.470001220703125,5.3635711669921875,1.98484063734189,74.49139354864386,66.9463398001404
2024-09-23 00:00:00-04:00,227.33999633789062,229.4499969482422,225.80999755859375,226.47000122070312,54146000,0.0,0.0,223.68000106811525,223.21048195425217,0.7538899224367128,0.3369360027729788,0.416953919663734,56.174899679493876,231.79522975159483,215.56477238463566,3.6399993896484375,1.25,2.3899993896484375,3.6399993896484375,5.0642852783203125,1.9924216879583432,65.46689749865679,76.89143848835768
2024-09-24 00:00:00-04:00,228.64999389648438,229.35000610351562,225.72999572753906,227.3699951171875,43556100,0.0,0.0,223.68950119018555,223.60662606500793,0.9954858269980491,0.46864596761799293,0.5268398593800562,61.264677503545805,231.82240717127155,215.55659520909956,3.6200103759765625,2.8800048828125,0.7400054931640625,3.6200103759765625,4.944999694824219,1.9963956972824624,70.16170178894792,70.03999761208286
2024-09-25 00:00:00-04:00,224.92999267578125,227.2899932861328,224.02000427246094,226.3699951171875,42308700,0.0,0.0,223.60650100708008,223.86980406997742,1.0936537200076373,0.5936475180959219,0.5000062019117154,57.022164741368385,231.58531646230213,215.62768555185804,3.269989013671875,0.0800018310546875,3.3499908447265625,3.3499908447265625,4.853571210588727,2.0007938149825772,64.94521720096313,66.85793882952261
2024-09-26 00:00:00-04:00,227.3000030517578,228.5,225.41000366210938,227.52000427246094,36636700,0.0,0.0,223.65800094604492,224.21744218449967,1.2498412187120778,0.7248862582191531,0.5249549604929247,61.964286784737055,231.72795785114005,215.5880440409498,3.089996337890625,2.1300048828125,0.959991455078125,3.089996337890625,4.683570861816406,2.0058740340048824,70.94422223548843,68.68371374179982
2024-09-27 00:00:00-04:00,228.4600067138672,229.52000427246094,227.3000030517578,227.7899932861328,34026000,0.0,0.0,223.55800094604493,224.55768514655998,1.3795047219932428,0.8558099509739712,0.5236947710192716,62.20723054922479,231.35289808628102,215.76310380580884,2.220001220703125,2.0,0.220001220703125,2.220001220703125,4.51642826625279,2.007060694556051,72.35261576423298,69.41401840022817
2024-09-30 00:00:00-04:00,230.0399932861328,233.0,229.64999389648438,233.0,54541900,0.0,0.0,223.75800094604492,225.3617151326019,1.8809851564736562,1.0608449920739083,0.8201401643997479,69.77601545450757,232.30936887858837,215.20663301350146,3.350006103515625,5.2100067138671875,1.8600006103515625,5.2100067138671875,4.549285888671875,2.0299326681608036,99.53053549041849,80.94245783004662
2024-10-01 00:00:00-04:00,229.52000427246094,229.64999389648438,223.74000549316406,226.2100067138672,63285000,0.0,0.0,223.93000106811525,225.4425048070081,1.7107953184237772,1.190835057343882,0.5199602610798952,54.81944857021762,232.5359048951132,215.3240972411173,5.9099884033203125,3.350006103515625,9.259994506835938,9.259994506835938,4.839285714285714,2.0590742702472107,64.11064016078643,78.6645971384793
2024-10-02 00:00:00-04:00,225.88999938964844,227.3699951171875,223.02000427246094,226.77999877929688,32880600,0.0,0.0,224.22650070190429,225.5698851853213,1.603428911285988,1.2733538281323031,0.33007508315368495,55.376774618581045,232.79413116156059,215.65887024224799,4.3499908447265625,1.1599884033203125,3.19000244140625,4.3499908447265625,4.883571079799107,2.0615940175992837,67.083994985374,76.90839021219297
2024-10-03 00:00:00-04:00,225.13999938964844,226.80999755859375,223.32000732421875,225.6699981689453,34044200,0.0,0.0,224.39100036621093,225.57941975519026,1.4124901799530107,1.3011810984964447,0.11130908145656604,54.15683394794078,232.93566100594606,215.8463397264758,3.489990234375,0.029998779296875,3.459991455078125,3.489990234375,4.980713980538504,2.0664886318347824,61.29369390882137,64.16277635166061
2024-10-04 00:00:00-04:00,227.89999389648438,228.0,224.1300048828125,226.8000030517578,37245100,0.0,0.0,224.69000015258788,225.6956657834348,1.3369403932930766,1.3083329574557712,0.028607435837305406,65.8403942195524,233.12634515897264,216.25365514620313,3.8699951171875,2.3300018310546875,1.5399932861328125,3.8699951171875,4.644284929547991,2.071495965073499,66.16463407627262,64.84744099015599
2024-10-07 00:00:00-04:00,224.5,225.69000244140625,221.3300018310547,221.69000244140625,39505400,0.0,0.0,224.72900009155273,225.31417403657494,0.8548778007161673,1.2176419261078504,-0.3627641253916831,56.495242548898325,233.09871742264528,216.3592827604602,4.3600006103515625,1.1100006103515625,5.470001220703125,5.470001220703125,4.8635711669921875,2.094026831659005,26.68815653257579,51.38216150588992
2024-10-08 00:00:00-04:00,224.3000030517578,225.97999572753906,223.25,225.77000427246094,31855700,0.0,0.0,225.0120002746582,225.35758643999264,0.7929214676905758,1.1326978344243954,-0.3397763667338196,56.70185315883281,233.10220943708256,216.92179111223382,2.7299957275390625,4.2899932861328125,1.55999755859375,4.2899932861328125,4.74714115687779,2.1124309174821043,37.755140436718165,43.535977015188855
2024-10-09 00:00:00-04:00,225.22999572753906,229.75,224.8300018310547,229.5399932861328,33591100,0.0,0.0,225.3559997558594,225.7559109015298,1.036083903388601,1.1133750482172364,-0.07729114482863553,51.00029661030463,233.60857409323557,217.1034254184832,4.9199981689453125,3.9799957275390625,0.94000244140625,4.9199981689453125,4.4464263916015625,2.1291292783906783,69.81288511917042,44.752060696154786
2024-10-10 00:00:00-04:00,227.77999877929688,229.5,227.1699981689453,229.0399932861328,28183500,0.0,0.0,225.66949920654298,226.06868065244436,1.1749025193527132,1.125680542444332,0.04922197690838126,51.26049958372603,233.98457704901784,217.35442136406812,2.3300018310546875,0.0399932861328125,2.3699951171875,2.3699951171875,4.224997384207589,2.1313075480370345,66.06677519106178,57.87826691565012
2024-10-11 00:00:00-04:00,229.3000030517578,229.41000366210938,227.33999633789062,227.5500030517578,31759200,0.0,0.0,225.92199935913087,226.20975897618848,1.151414720920286,1.1308273781395228,0.02058734278076324,51.63241047100712,234.1379390747521,217.70605964350963,2.07000732421875,0.3700103759765625,1.6999969482421875,2.07000732421875,4.112855093819754,2.137812919492026,53.29907623511876,63.059578848450315
2024-10-14 00:00:00-04:00,228.6999969482422,231.72999572753906,228.60000610351562,231.3000030517578,39882100,0.0,0.0,226.6709991455078,226.6945441262427,1.4190363635054553,1.1884691752127092,0.23056718829274603,55.46898191579674,233.86950147191263,219.472496819103,3.1299896240234375,4.17999267578125,1.0500030517578125,4.17999267578125,4.152853829520089,2.1542928137996826,85.43275736952558,68.26620293190204
2024-10-15 00:00:00-04:00,233.61000061035156,237.49000549316406,232.3699951171875,233.85000610351562,64751400,0.0,0.0,227.52399978637695,227.3760166955068,1.8159591318989783,1.313967166549963,0.5019919653490152,59.97867513907164,233.773028881897,221.2749706908569,5.1200103759765625,6.19000244140625,1.0699920654296875,6.19000244140625,4.355711800711496,2.165317470168525,77.47525640614053,72.06903000359496
2024-10-16 00:00:00-04:00,231.60000610351562,232.1199951171875,229.83999633789062,231.77999877929688,34082200,0.0,0.0,228.0784996032715,227.79544356062965,1.9411150284872463,1.4393967389374196,0.5017182895498267,55.54687093322249,233.71204273072289,222.4449564758201,2.279998779296875,1.730010986328125,4.010009765625,4.010009765625,4.421427045549665,2.17416932935258,64.66580804523248,75.8579406069662
2024-10-17 00:00:00-04:00,233.42999267578125,233.85000610351562,230.52000427246094,232.14999389648438,32993800,0.0,0.0,228.24249954223632,228.21016264023487,2.046565953641334,1.5608305818782024,0.48573537176313164,55.662340699169874,234.15702261031677,222.32797647415586,3.3300018310546875,2.07000732421875,1.2599945068359375,3.3300018310546875,4.500712803431919,2.175765649652589,66.95538127135144,69.69881524090816
2024-10-18 00:00:00-04:00,236.17999267578125,236.17999267578125,234.00999450683594,235.0,46431500,0.0,0.0,228.5824996948242,228.85681381735535,2.3332124251548976,1.7153069505335417,0.6179054746213559,52.767018370509234,235.22387754369592,221.9411218459525,2.1699981689453125,4.029998779296875,1.8600006103515625,4.029998779296875,4.416426522391183,2.18804222160368,84.59155365785949,72.07091432481447
2024-10-21 00:00:00-04:00,234.4499969482422,236.85000610351562,234.4499969482422,236.47999572753906,36254500,0.0,0.0,229.082999420166,229.58283114213475,2.6492660158577337,1.9020987635983801,0.7471672522593535,66.65584412370563,236.5156488451767,221.6503499951553,2.4000091552734375,1.850006103515625,0.5500030517578125,2.4000091552734375,3.926427568708147,2.194340075763421,93.74994098551359,81.76562530490817
2024-10-22 00:00:00-04:00,233.88999938964844,236.22000122070312,232.60000610351562,235.86000061035156,38846600,0.0,0.0,229.50749969482422,230.18065680577445,2.8172369847995924,2.0851264078386227,0.7321105769609697,64.70208044369095,237.47849540272256,221.53650398692588,3.6199951171875,0.2599945068359375,3.8799896240234375,3.8799896240234375,3.8928560529436385,2.1969618413604644,89.91333840700545,89.41827768345952
2024-10-23 00:00:00-04:00,234.0800018310547,235.13999938964844,227.75999450683594,230.75999450683594,52287000,0.0,0.0,229.72699966430665,230.23583182492317,2.5098948127807432,2.170080088827047,0.33981472395369616,57.29853319563809,237.57504163640593,221.87895769220736,7.3800048828125,0.720001220703125,8.100006103515625,8.100006103515625,4.222142900739398,2.2185848638751677,58.353901848994674,80.67239374717124
2024-10-24 00:00:00-04:00,229.97999572753906,230.82000732421875,228.41000366210938,230.57000732421875,31109500,0.0,0.0,229.87949981689454,230.2676580629513,2.2253412011864384,2.1811323112989256,0.044208889887512814,55.55556554920209,237.66525713197694,222.09374250181213,2.410003662109375,0.0600128173828125,2.3499908447265625,2.410003662109375,4.117857796805246,2.2194081746185366,57.17823885664862,68.48182637088291
2024-10-25 00:00:00-04:00,229.74000549316406,233.22000122070312,229.57000732421875,231.41000366210938,38802300,0.0,0.0,230.06050033569335,230.37645288191874,2.0440485785874785,2.153715564756636,-0.10966698616915771,66.3857215469113,237.80995547886945,222.31104519251724,3.649993896484375,2.649993896484375,1.0,3.649993896484375,3.9878572736467635,2.2230513038686883,57.303374398462125,57.61183836803514
2024-10-28 00:00:00-04:00,233.32000732421875,234.72999572753906,232.5500030517578,233.39999389648438,36087100,0.0,0.0,230.08050003051758,230.66440916902025,2.037461857885006,2.1304648233823102,-0.09300296549730414,63.837505015704345,237.86388747513269,222.29711258590248,2.17999267578125,3.3199920654296875,1.1399993896484375,3.3199920654296875,3.9185714721679688,2.2316507170439315,67.69344065104148,60.72501796871742
2024-10-29 00:00:00-04:00,233.10000610351562,234.3300018310547,232.32000732421875,233.6699981689453,35417200,0.0,0.0,230.4534996032715,230.95065574044168,2.030621185532283,2.110496095812305,-0.07987491028002225,58.57916257250626,238.1706237646859,222.7363754418571,2.0099945068359375,0.9300079345703125,1.079986572265625,2.0099945068359375,3.7107140677315846,2.2328075477188314,62.9844514232655,62.6604221575897
2024-10-30 00:00:00-04:00,232.61000061035156,233.47000122070312,229.5500030517578,230.10000610351562,47070900,0.0,0.0,230.61949996948243,230.86964148930585,1.7173350104007739,2.031863878729999,-0.3145288683292251,51.952862994020734,238.14434656280233,223.09465337616254,3.9199981689453125,0.1999969482421875,4.1199951171875,4.1199951171875,3.8357140677315846,2.2480854699741677,27.192189912371035,52.62336066222601
2024-10-31 00:00:00-04:00,229.33999633789062,229.8300018310547,225.3699951171875,225.91000366210938,64370100,0.0,0.0,230.63150024414062,230.39729502957283,1.1180669005370873,1.8491044830914167,-0.7310375825543294,47.252010004126625,238.12380730876635,223.1391931795149,4.4600067138671875,0.2700042724609375,4.730010986328125,4.730010986328125,4.0257143293108255,2.266294954243026,4.455512232829785,31.544051189488773
2024-11-01 00:00:00-04:00,220.97000122070312,225.35000610351562,220.27000427246094,222.91000366210938,65276700,0.0,0.0,230.4370002746582,229.684219661243,0.3964971061933227,1.5585830077117981,-1.1620859015184755,35.5792285205784,238.526293958405,222.3477065909114,5.0800018310546875,0.55999755859375,5.6399993896484375,5.6399993896484375,4.130000523158482,2.2795745786570345,15.331005821732695,15.659569322311171
2024-11-04 00:00:00-05:00,220.99000549316406,222.7899932861328,219.7100067138672,222.00999450683594,44944500,0.0,0.0,230.4529998779297,228.95334107510897,-0.24514944143334105,1.1978365178827703,-1.4429859593161114,28.425624768184733,238.4703958169449,222.4356039389145,3.079986572265625,0.1200103759765625,3.1999969482421875,3.1999969482421875,3.916428702218192,2.283612123587668,13.418832408814488,11.068450154458992
2024-11-05 00:00:00-05:00,221.8000030517578,223.9499969482422,221.13999938964844,223.4499969482422,28044400,0.0,0.0,230.33699951171874,228.42921306302642,-0.6301982575935199,0.8322295627875124,-1.4624278203810324,34.464738286836976,238.69939666611242,221.97460235732507,2.80999755859375,1.94000244140625,0.8699951171875,2.80999755859375,3.830713544573103,2.2900983290605565,21.820247185269658,16.856695138605613
