Date,open,high,low,close,volume,dividends,stock splits,capital gains,sma_20,ema_20,macd,signal_line,macd_hist,rsi,bb_upper,bb_lower,hi_lo,hi_close,lo_close,true_range,ATR,obv,%K,%D
2024-01-02 00:00:00-05:00,134.21267648344724,135.08949766619864,132.45904932152993,133.05686950683594,70100,0.0,0.0,0.0,,133.05686950683594,0.0,0.0,0.0,,,,2.6304483446687073,,,2.6304483446687073,,,,
2024-01-03 00:00:00-05:00,132.08039824198895,132.39924778635836,130.2271270751953,130.2271270751953,92400,0.0,0.0,0.0,,132.78737022763207,-0.22573443899125323,-0.04514688779825065,-0.18058755119300257,,,,2.1721207111630463,0.6576217204775787,2.829742431640625,2.829742431640625,,0.021267165251435904,,
2024-01-04 00:00:00-05:00,130.88476046675405,132.16012840865102,130.73530922496343,130.7950897216797,77900,0.0,0.0,0.0,,132.59762922706517,-0.35471187165526885,-0.10705988456965429,-0.24765198708561456,,,,1.424819183687589,1.9330013334557066,0.5081821497681176,1.9330013334557066,,0.025628488880701128,,
2024-01-05 00:00:00-05:00,130.88474757364148,131.36300670384452,129.7189823917558,130.39651489257812,150200,0.0,0.0,0.0,,132.38799929044734,-0.48351540929294856,-0.18235098951431317,-0.3011644197786354,,,,1.6440243120887317,0.5679169821648316,1.0761073299239001,1.6440243120887317,,0.02867581145182896,,
2024-01-08 00:00:00-05:00,128.78238664273204,130.30685004202272,127.53690901562632,130.05775451660156,133300,0.0,0.0,0.0,,132.16607121674775,-0.6059433344796901,-0.26706945850738856,-0.3388738759723015,,,,2.7699410263963955,0.0896648505554083,2.859605876951804,2.859605876951804,,0.03127373652870413,,
2024-01-09 00:00:00-05:00,129.0414470585116,129.10124275865527,127.98528440975012,128.67279052734375,161900,0.0,0.0,0.0,,131.8333778177569,-0.8054387697721381,-0.3747433207603385,-0.4306954490117996,,,,1.1159583489051528,0.9565117579462878,2.0724701068514406,2.0724701068514406,,0.041922574765266396,,
2024-01-10 00:00:00-05:00,129.52966777757968,130.2769543224503,129.34035275363905,129.6990509033203,87500,0.0,0.0,0.0,,131.63010858781055,-0.870692898259307,-0.47393323626013223,-0.39675966199917473,,,,0.9366015688112554,1.6041637951065582,0.6675622262953027,1.6041637951065582,,0.049898312073601736,,
2024-01-11 00:00:00-05:00,129.95811486947036,129.95811486947036,127.8457896035553,128.99163818359375,61900,0.0,0.0,0.0,,131.37882569217086,-0.9683272854196332,-0.5728120460920325,-0.3955152393276007,,,,2.112325265915061,0.2590639661500518,1.853261299765009,2.112325265915061,,0.05535257495987278,,
2024-01-12 00:00:00-05:00,129.64923201428704,130.67550434538595,129.2506852617845,130.10757446289062,90200,0.0,0.0,0.0,,131.25775414652512,-0.9447658367218992,-0.6472028042180058,-0.2975630325038934,,,,1.4248190836014487,1.6838661617921957,0.259047078190747,1.6838661617921957,,0.06400380456677623,,
2024-01-16 00:00:00-05:00,129.57949586892477,129.5994277680396,126.69995219199684,127.15828704833984,98600,0.0,0.0,0.0,,130.8673287086027,-1.1508102409060825,-0.7479242915556212,-0.4028859493504613,,,,2.8994755760427466,0.5081466948510354,3.407622270893782,3.407622270893782,,0.08667187309949631,,
2024-01-17 00:00:00-05:00,126.51063811331035,127.91554054160517,126.10211779808968,126.99886322021484,108300,0.0,0.0,0.0,,130.49890342399434,-1.311843965619829,-0.8607082263684629,-0.4511357392513662,,,,1.8134227435154884,0.7572534932653241,1.0561692502501643,1.8134227435154884,,0.08792561622411388,,
2024-01-18 00:00:00-05:00,127.80594510812497,128.7026829790258,127.24796592411974,128.6229705810547,47900,0.0,0.0,0.0,,130.32024315323818,-1.2935017785266325,-0.9472669368000968,-0.34623484172653574,,,,1.4547170549060695,1.7038197588109654,0.24910270390489586,1.7038197588109654,,0.1007139776287641,,
2024-01-19 00:00:00-05:00,129.46989681427866,129.46989681427866,128.00521386225918,129.0713348388672,79500,0.0,0.0,0.0,,130.20129950425047,-1.2286234087731316,-1.0035382311947039,-0.22508517757842772,,,,1.4646829520194729,0.846926233223968,0.6177567187955049,1.4646829520194729,,0.10419985776189289,,
2024-01-22 00:00:00-05:00,129.75885032831343,130.83494493437735,129.43004237616174,130.6456298828125,64600,0.0,0.0,0.0,,130.24361668316115,-1.0382065810017025,-1.0104719011561036,-0.027734679845598853,42.02900816958187,,,1.4049025582156105,1.7636100955101597,0.3587075372945492,1.7636100955101597,2.1087718178014785,0.11639695052389676,50.55435679140625,
2024-01-23 00:00:00-05:00,131.4626544622384,132.02062599613922,130.21717685850123,130.456298828125,120200,0.0,0.0,0.0,,130.26387212553865,-0.8922915256458452,-0.986835826054052,0.09454430040820672,41.50940670316028,,,1.8034491376379833,1.3749961133267163,0.428453024311267,1.8034491376379833,2.0497004458707124,0.11784614599149357,69.14548434202564,
2024-01-24 00:00:00-05:00,131.60214410596964,132.01066439879878,129.82858525819563,130.04779052734375,86200,0.0,0.0,0.0,,130.24329292571056,-0.8003896056926578,-0.9495465819817732,0.1491569762891154,49.3045298756876,,,2.1820791406031503,1.554365570673781,0.6277135699293694,2.1820791406031503,2.0034387822251785,0.12097752641889215,65.13149254600698,61.610444559812954
2024-01-25 00:00:00-05:00,130.01789339527912,130.3167958341187,128.02512938390677,128.9617156982422,124200,0.0,0.0,0.0,,130.12123795166596,-0.805903875792211,-0.9208180407438609,0.11491416495164986,43.16481648563071,,,2.2916664502119204,0.26900530677494316,2.0226611434369772,2.2916664502119204,2.0290577191363366,0.12932887806198834,48.31619395399161,60.86439028067474
2024-01-26 00:00:00-05:00,129.37024983390808,130.43638599196876,128.68274374373203,129.20086669921875,83300,0.0,0.0,0.0,,130.033583546671,-0.7819625103986709,-0.893046934674823,0.11108442427615206,45.48875903163592,,,1.75364224823673,1.4746702937265752,0.2789719545101548,1.75364224823673,2.0368875717183363,0.13118331214486112,52.35692504658983,55.26820384886281
2024-01-29 00:00:00-05:00,129.47984746234968,130.34671020507812,128.9816564254006,130.34671020507812,105100,0.0,0.0,0.0,,130.06340513318597,-0.6628874571539995,-0.8470150391706583,0.1841275820166588,51.027656701773886,,,1.3650537796775382,1.145843505859375,0.21921027381816316,1.3650537796775382,1.9301338504844605,0.14005201043716364,71.71726835467194,57.46346245175113
2024-01-30 00:00:00-05:00,130.31681056744807,130.31681056744807,128.88203308805683,129.3901824951172,130600,0.0,0.0,0.0,129.64525299072267,129.99928869146513,-0.6383449682879245,-0.8052810249941116,0.16693605670618705,52.63156421766728,132.29017365221836,127.00033232922699,1.4347774793912436,0.02989963763005221,1.4646771170212958,1.4646771170212958,1.886720065496593,0.14739034454974698,55.55563305819362,59.876608819818465
2024-01-31 00:00:00-05:00,129.69905448801174,131.01428614105532,128.7425361981474,128.79234313964844,106000,0.0,0.0,0.0,129.4320266723633,129.88434149605402,-0.6595328248172905,-0.7761313849587475,0.11659856014145698,46.566047898032046,131.55499103013994,127.30906231458664,2.271749942907917,1.6241036459381348,0.647646296969782,2.271749942907917,1.9344047903395472,0.15201078285457204,45.45444986365534,57.575783758840295
2024-02-01 00:00:00-05:00,129.3104659407593,129.81861533147037,127.43727035520342,129.7588348388672,74100,0.0,0.0,0.0,129.4086120605469,129.87238848108385,-0.5915179007949973,-0.7392086881259975,0.14769078733100016,52.84966311188494,131.50481403715688,127.31241008393688,2.381344976266945,1.0262721918219313,1.3550727844450137,2.381344976266945,1.9536204839361102,0.15951504650610593,61.78443821337598,54.264840378408316
2024-02-02 00:00:00-05:00,129.0414490473984,129.93820212035354,128.71264110767336,129.58946228027344,64200,0.0,0.0,0.0,129.34833068847655,129.8454431286257,-0.5450001114255087,-0.7003669727858998,0.15536686136039102,47.92997202977963,131.3435622446368,127.3530991323163,1.2255610126801741,0.17936728148634984,1.0461937311938243,1.2255610126801741,1.9208844018566802,0.16082033380160354,58.92269412303971,55.38719406669034
2024-02-05 00:00:00-05:00,128.53329591614957,129.1012410330347,127.28781824254348,128.6428985595703,86600,0.0,0.0,0.0,129.26064987182616,129.73091507442996,-0.5778530791103265,-0.6758641940507851,0.09801111494045867,57.061579384750495,131.21565389246595,127.30564585118637,1.8134227904912308,0.4882212472387266,2.3016440377299574,2.3016440377299574,1.8418859566306927,0.1681246601260381,42.92941187980369,54.54551473873979
2024-02-06 00:00:00-05:00,128.65285483470595,130.57588023763253,128.49344524977744,130.54598999023438,61100,0.0,0.0,0.0,129.28506164550782,129.8085412568875,-0.44519380201145964,-0.6297301156429201,0.1845363136314605,64.47149800076073,131.29343874025193,127.2766845507637,2.0824349878550947,1.9329816780622195,0.1494533097928752,2.0824349878550947,1.8611011169406646,0.18291825893307057,69.10242959581088,56.98484519955142
2024-02-07 00:00:00-05:00,130.3865599881794,131.10395630421874,130.0577520763627,130.456298828125,62300,0.0,0.0,0.0,129.37423706054688,129.8702324541482,-0.34333988784857183,-0.5724520700840504,0.22911218223547858,58.550057570155175,131.42605903177403,127.3224150893197,1.0462042278560375,0.557966313984366,0.4882379138716715,1.0462042278560375,1.8141285790153125,0.18360530540700737,66.94716435871025,59.65966861144161
2024-02-08 00:00:00-05:00,130.83493041992188,131.24345072760107,130.3865615180325,130.83493041992188,118300,0.0,0.0,0.0,129.43103103637696,129.96210845088856,-0.22942287783007487,-0.5038462316332554,0.2744233538031805,58.27869310408552,131.58123218248807,127.28082989026586,0.8568892095685783,0.787151899476072,0.06973731009250628,0.8568892095685783,1.7707147402688201,0.18650766884363768,74.94731166047231,70.33230187166447
2024-02-09 00:00:00-05:00,131.36301821436936,132.2796879624071,131.08403243033985,132.2697296142578,54200,0.0,0.0,0.0,129.59493560791014,130.18188189501896,-0.02310023763686786,-0.40769703283397785,0.38459679519711,57.725040607685486,132.07809289216272,127.11177832365757,1.1956555320672635,1.4447575424852346,0.2491020104179711,1.4447575424852346,1.7479395579098969,0.19747415302130233,99.80050865290673,80.56499489069643
2024-02-12 00:00:00-05:00,132.37932987619263,133.65469778125993,132.37932987619263,133.28604125976562,64600,0.0,0.0,0.0,129.7538589477539,130.47751612023293,0.21988509876740636,-0.282180606513701,0.5020657052811074,62.47803139794323,132.73256098743425,126.77515690807357,1.2753679050672986,1.3849681670021141,0.10960026193481553,1.3849681670021141,1.718048060007335,0.20515778289241282,94.20977703045058,89.6525324479432
2024-02-13 00:00:00-05:00,131.52243755239166,132.27968247713022,130.28691827179097,131.29327392578125,68600,0.0,0.0,0.0,129.960608291626,130.55520733980896,0.2487852177547154,-0.17598744166001773,0.42477265941473313,54.818804815498765,132.74866786628948,127.1725487169625,1.992764205339256,1.0063587826354023,2.9991229879746584,2.9991229879746584,1.7764083348195854,0.22010884089630844,62.910813042416436,85.64036624192458
2024-02-14 00:00:00-05:00,132.94725698699548,134.99981689453125,132.94725698699548,134.99981689453125,73800,0.0,0.0,0.0,130.36065597534179,130.97850348787776,0.5642712433259192,-0.027935704662830352,0.5922069479887495,69.4230793772646,133.61622572585057,127.10508622483299,2.052559907535766,3.70654296875,1.6539830612142339,3.70654296875,1.877470943286591,0.248339860337908,100.0,85.70686335762234
2024-02-15 00:00:00-05:00,135.48804944239106,136.205445854027,134.86033898489916,135.96632385253906,72300,0.0,0.0,0.0,130.72782363891602,131.45353399879787,0.8821167330210642,0.15407478287394857,0.7280419501471156,70.78994874968936,134.72918415381625,126.7264631240158,1.3451068691278465,1.2056289594957548,0.13947790963209172,1.3451068691278465,1.8482898447788136,0.25549918084841583,97.31854690612987,86.74311998284877
2024-02-16 00:00:00-05:00,135.6474574518728,136.0659361062528,134.93006112905448,134.9699249267578,45200,0.0,0.0,0.0,131.02275314331055,131.78842837288929,1.0416035501498584,0.33158053632913054,0.7100230138207279,64.33862954679468,135.36504233581417,126.68046395080692,1.1358749771983128,0.09961225371372961,1.0362627234845831,1.1358749771983128,1.8319199303160119,0.2628274581567137,86.14518366209674,94.48791018940886
2024-02-20 00:00:00-05:00,134.64113200168399,135.2887743524168,133.91376204666827,134.08316040039062,80600,0.0,0.0,0.0,131.19462966918945,132.00697428027036,1.083948432689823,0.48205411560126904,0.601894317088554,64.6182539599551,135.7413820815441,126.64787725683482,1.3750123057485268,0.318849425658982,1.0561628800895448,1.3750123057485268,1.8255153009393854,0.26939754795152093,76.20123259123937,86.554987719822
2024-02-21 00:00:00-05:00,133.87388595144904,134.5613919631149,133.58494186140683,134.22262573242188,63000,0.0,0.0,0.0,131.3829460144043,132.21798870428478,1.1158973736146152,0.6088227672039384,0.5070746064106768,67.41211962866305,136.10937595524663,126.65651607356196,0.9764501017080534,0.47823156272426104,0.4982185389837923,0.9764501017080534,1.7329938837108239,0.270437688500228,77.76516122907188,80.037192494136
2024-02-22 00:00:00-05:00,134.65108560197513,134.77064659701142,133.38567599136127,133.91375732421875,98200,0.0,0.0,0.0,131.57624435424805,132.37949047761182,1.1035727406521403,0.7077727618935787,0.39579997875856154,63.909295884580686,136.38820304680297,126.76428566169312,1.3849706056501532,0.5480208645895459,0.8369497410606073,1.3849706056501532,1.6618242858096244,0.27273885349769167,74.30158973158768,76.08932785063298
2024-02-23 00:00:00-05:00,133.88386610917905,134.77064562433065,133.51520957475424,134.07318115234375,67800,0.0,0.0,0.0,131.83181762695312,132.54079435139582,1.0940579319917845,0.78502979591322,0.3090281360785645,65.02000145167705,136.60186838263024,127.06176687127602,1.2554360495764172,0.8568883001119048,0.39854774946451244,1.2554360495764172,1.6639582170164988,0.27392934976417316,76.08932785063298,76.05202627043086
2024-02-26 00:00:00-05:00,134.5016230733427,134.89021147819307,133.9934584799033,134.51158142089844,105600,0.0,0.0,0.0,132.09735336303712,132.7284883580151,1.1091075143563671,0.8498453396018495,0.2592621747545176,70.35240602999758,136.84193745928354,127.35276926679069,0.8967529982897702,0.8170303258493163,0.07972267244045383,0.8967529982897702,1.5636088570564854,0.27719920779832063,78.0359919552497,76.14230317915678
2024-02-27 00:00:00-05:00,134.82044601084505,135.47806177981914,133.8838444981091,135.4581298828125,76300,0.0,0.0,0.0,132.35292434692383,132.98845421751963,1.1837672352293964,0.916629718727359,0.26713751650203743,68.2456573882211,137.24870896687364,127.45713972697402,1.59421728171003,0.9664803589207054,0.6277369227893246,1.59421728171003,1.5287361637604095,0.28423613690074656,87.84396233381628,80.65642737989965
2024-02-28 00:00:00-05:00,135.13930625161194,136.97264562827044,134.5713611688125,136.52427673339844,107200,0.0,0.0,0.0,132.7096290588379,133.3251992190319,1.3138198452452627,0.9960677440309398,0.31775210121432296,71.01453104638541,137.73438744287182,127.68487067480396,2.4012844594579406,1.5145157454579419,0.8867687139999987,2.4012844594579406,1.6255276088748312,0.29210681141477013,93.29364075193004,86.39119834699868
2024-02-29 00:00:00-05:00,137.490770781152,137.490770781152,135.72717021575713,136.47445678710938,58500,0.0,0.0,0.0,133.09373474121094,133.62512851122975,1.3967663691121857,1.076207469047189,0.32055890006499665,69.98589709203229,138.0313879283109,128.15608155411098,1.7636005653948814,0.9664940477535708,0.7971065176413106,1.7636005653948814,1.6902927057195671,0.29247172780532793,85.8920765975985,89.00989322778162
2024-03-01 00:00:00-05:00,136.57410925791382,137.43098331561112,135.59764379961598,137.32139587402344,71400,0.0,0.0,0.0,133.47186279296875,133.97715397435294,1.513397488828872,1.1636454730035255,0.34975201582534643,68.6809478775677,138.49180062139666,128.45192496454084,1.8333395159951351,0.9565265285017404,0.8768129874933948,1.8333395159951351,1.7180485609702743,0.2986775710587304,97.64882877726221,92.2781820422636
2024-03-04 00:00:00-05:00,137.96904630019372,138.66651080882826,137.51070379247045,138.16831970214844,63400,0.0,0.0,0.0,133.9008056640625,134.37631261509537,1.6550893268752134,1.2619342437778631,0.39315508309735026,68.28360980794396,138.98955008746034,128.81206124066463,1.1558070163578122,1.3451149348048261,0.1893079184470139,1.3451149348048261,1.7152019015276108,0.3048450282327162,94.05470964754132,92.53187167413402
2024-03-05 00:00:00-05:00,139.20455216234336,140.2806314688277,138.3675796299001,138.8159637451172,73700,0.0,0.0,0.0,134.40945892333986,134.7991365322403,1.7989039461298262,1.3693281842482559,0.4295757618815703,81.32784987246632,139.3157684627941,129.5031493838856,1.9130518389276006,2.1123117666792552,0.1992599277516547,2.1123117666792552,1.6518582428636535,0.3095323838028272,80.02737038263776,90.57696960248042
2024-03-06 00:00:00-05:00,139.44367838211903,141.29694978302038,139.40382978583065,140.91831970214844,89600,0.0,0.0,0.0,134.92807540893554,135.3819158817554,2.058788194868754,1.5072201863723556,0.5515680084963983,78.44830494675959,140.28680686563152,129.56934395223956,1.8931199971897286,2.480986037903193,0.5878660407134646,2.480986037903193,1.5643184620888815,0.32467729869814455,95.21404402321237,89.7653746844638
2024-03-07 00:00:00-05:00,141.13752993326722,141.8150777225768,140.86851769083384,141.3567352294922,85100,0.0,0.0,0.0,135.4730972290039,135.95094629582556,2.2739125549524317,1.6605586600883708,0.6133538948640609,77.29566843349662,141.12605954569952,129.8201349123083,0.9465600317429619,0.8967580204283649,0.04980201131459694,0.9465600317429619,1.5358508308471042,0.3277884309360992,94.56257386111646,89.93466275565554
2024-03-08 00:00:00-05:00,141.82502041095415,142.2634309549953,139.4536414191793,140.46994018554688,56500,0.0,0.0,0.0,135.95484771728516,136.3813266662752,2.3458022631368465,1.7976073806980661,0.5481948824387803,78.16329050032269,141.58568567597217,130.32400975859815,2.8097895358160088,0.9066957255031127,1.903093810312896,2.8097895358160088,1.6554161564626537,0.33406188541639403,79.79792439873475,89.85818076102119
2024-03-11 00:00:00-04:00,140.27066087650928,140.27066087650928,138.60670471191406,138.60670471191406,81800,0.0,0.0,0.0,136.27169647216797,136.59326743252655,2.2267591504201505,1.883437734642483,0.3433214157776674,71.05740558954768,141.7402570250584,130.80313591927754,1.6639561645952199,0.1992793090375926,1.8632354736328125,1.8632354736328125,1.6902892398829599,0.34732618574407736,58.81023684410874,77.72357836798665
2024-03-12 00:00:00-04:00,138.49712027927447,138.49712027927447,137.14203993314678,138.1284637451172,90100,0.0,0.0,0.0,136.51381759643556,136.7394766051542,2.0699653052091094,1.9207432487558085,0.1492220564533009,67.62600826581723,141.85305623435715,131.17457895851396,1.3550803461276928,0.10958443263959339,1.4646647787672862,1.4646647787672862,1.7251617168157622,0.35077653086115423,53.4232784435233,64.0104798954556
2024-03-13 00:00:00-04:00,138.26795169755917,138.96541614411174,137.85943137758386,138.30780029296875,57000,0.0,0.0,0.0,136.86454391479492,136.88884076589846,1.9378378256819246,1.9241621641410318,0.013675661540892836,70.06370935602271,141.65300806909124,132.0760797604986,1.1059847665278824,0.8369523989945549,0.2690323675333275,1.1059847665278824,1.7052341568784573,0.35207486245038033,54.78360125909902,55.67237218224369
2024-03-14 00:00:00-04:00,138.43733173908743,138.67645371336783,136.10580126834753,136.9327850341797,171400,0.0,0.0,0.0,136.96119232177733,136.8930259343062,1.7025476962836592,1.8798392705695575,-0.17729157428589826,61.75261727407158,141.66852656000793,132.25385808354673,2.5706524450203005,0.36865342039908455,2.201999024621216,2.5706524450203005,1.7991781851244488,0.36201656679298755,36.385334189911156,48.197404630844495
2024-03-15 00:00:00-04:00,136.2054350650464,137.93914545643517,136.2054350650464,137.10218811035156,61400,0.0,0.0,0.0,137.01798553466796,136.91294614154862,1.512314960566158,1.8063344085688777,-0.2940194480027196,60.887811509997825,141.70213206492102,132.3338390044149,1.7337103913887688,1.006360422255483,0.7273499691332859,1.7337103913887688,1.8589608560600916,0.3632536925560368,38.40695037638373,43.19196194179798
2024-03-18 00:00:00-04:00,137.56703936828325,137.56703936828325,135.92113357179247,135.990966796875,66100,0.156,0.0,0.0,137.06903762817382,136.82513858491302,1.2573934251190906,1.6965462118789205,-0.43915278675982994,52.20883483330002,141.6808970616976,132.45717819465003,1.64590579649078,0.46485125793168436,1.1810545385590956,1.64590579649078,1.8626528928301451,0.371358751481735,18.45544395102245,31.082576172439115
2024-03-19 00:00:00-04:00,136.36002273242454,136.77897636185764,135.94106910299143,136.50965881347656,54500,0.0,0.0,0.0,137.19036254882812,136.79509289239527,1.084716446533406,1.5741802588098177,-0.48946381227641167,49.936521315055714,141.59447480003317,132.78625029762307,0.8379072588662098,0.7880095649826444,0.04989769388356535,0.8379072588662098,1.7509830927878787,0.3751729167076968,13.682030232912284,23.51480818677282
2024-03-20 00:00:00-04:00,136.77898108878642,139.09321861230708,136.77898108878642,138.68423461914062,56300,0.0,0.0,0.0,137.41344299316407,136.9750111520853,1.1105372091014942,1.481451648868153,-0.37091443976665883,58.10107492235677,141.63271872756687,133.19416725876127,2.31423752352066,2.583559798830521,0.26932227530986097,2.583559798830521,1.809551609461853,0.39110274778752785,46.30497115458828,26.14748177950767
2024-03-21 00:00:00-04:00,139.56206197337133,139.7615615499168,139.09322959702644,139.39248657226562,62100,0.0,0.0,0.0,137.6873794555664,137.2052469063882,1.1746101878972866,1.42008335667398,-0.24547316877669334,57.670645599908674,141.65378726117223,133.72097164996057,0.6683319528903553,1.0773269307761666,0.4089949778858113,1.0773269307761666,1.7555507105176409,0.3962096869797874,54.73336853719306,38.24012330823121
2024-03-22 00:00:00-04:00,139.4124272708783,139.45233631909213,137.9161576005465,138.28524780273438,48900,0.0,0.0,0.0,137.89798278808593,137.30810413461165,1.1230972046220131,1.3606861262635865,-0.23758892164157341,50.42487106385763,141.48558713738944,134.3103784387824,1.5361787185456137,0.059849746826500905,1.4763289717191128,1.5361787185456137,1.769198123641983,0.4041530044193341,37.27536077389106,46.104566821890806
2024-03-25 00:00:00-04:00,138.95356898467574,139.09322020090795,138.36503994632872,138.38497924804688,63200,0.0,0.0,0.0,138.09165267944337,137.41066366922453,1.077894985959773,1.304127898202824,-0.22623291224305087,48.36902857736792,141.30858450928824,134.8747208495985,0.7281802545792289,0.8079723981735754,0.0797921435943465,0.8079723981735754,1.6760310258915772,0.4048742053203497,38.84784215227348,43.618857154452535
2024-03-26 00:00:00-04:00,138.83384792352192,138.84383279456418,138.1854705810547,138.1854705810547,56300,0.0,0.0,0.0,138.22801971435547,137.48445480368454,1.0142812174362916,1.2461585620495175,-0.23187734461322584,37.91807768588352,141.19653979589714,135.2594996328138,0.6583622135094913,0.4588535465173038,0.1995086669921875,0.6583622135094913,1.5458436098634556,0.4063158984005978,35.70215763233007,37.27512018616487
2024-03-27 00:00:00-04:00,139.21290729705586,139.91116333007812,138.82387784859773,139.91116333007812,38600,0.0,0.0,0.0,138.39736404418946,137.7155699014363,1.0905447096270677,1.2150357915650276,-0.12449108193795988,44.26220969459259,141.34298386991105,135.45174421846787,1.087285481480393,1.7256927490234375,0.6384072675430446,1.7256927490234375,1.601495946812061,0.4188041342604686,62.911426525867356,45.82047543682364
2024-03-28 00:00:00-04:00,140.16055297851562,141.1780205499176,140.16055297851562,140.16055297851562,36400,0.0,0.0,0.0,138.58166885375977,137.94842543258673,1.1577617799125335,1.2035809892345288,-0.04581920932199535,48.70652479011967,141.48161837750135,135.68171933001818,1.0174675714019656,1.2668572198394656,0.2493896484375,1.2668572198394656,1.4912864956708793,0.4205866199642657,80.64505522687028,59.75287979502257
2024-04-01 00:00:00-04:00,140.88874167347404,140.88874167347404,138.44482264551854,138.74407958984375,73300,0.0,0.0,0.0,138.65280303955078,138.02420201899216,1.084235832123511,1.1797119578123254,-0.09547612568881436,50.59661948758186,141.4917426936122,135.81386338548936,2.443919027955502,0.7281886949584191,1.715730332997083,2.443919027955502,1.5327638924082143,0.43069269730607673,53.69995645327895,65.75214606867219
2024-04-02 00:00:00-04:00,138.2153986806142,138.2153986806142,136.64931118731005,136.66925048828125,104000,0.0,0.0,0.0,138.5778495788574,137.8951590160673,0.8487606360715461,1.1135216934641696,-0.26476105739262357,44.43446024198757,141.54682577670889,135.60887338100594,1.5660874933041384,0.5286809092295641,2.0947684025337026,2.0947684025337026,1.5777712941058155,0.4456470586575385,14.231177493483035,49.525396391210755
2024-04-03 00:00:00-04:00,136.60941127569467,137.37750059796323,136.31015431187717,136.8687744140625,50200,0.0,0.0,0.0,138.4804901123047,137.79740810159066,0.6705154749983535,1.0249204497710065,-0.354404974772653,44.519895218592886,141.54282687570984,135.41815334889955,1.0673462860860639,0.708250109681984,0.35909617640407987,1.0673462860860639,1.5750114026456856,0.44710696222083746,18.02665429584736,28.652596080869785
2024-04-04 00:00:00-04:00,137.92614030178564,138.42489685071146,136.2602952548744,136.69918823242188,49300,0.0,0.0,0.0,138.26953353881837,137.6928157330984,0.509695263371384,0.9218754124910821,-0.412180149119698,49.02048603957469,141.20336614659317,135.33570093104356,2.1646015958370697,1.5561224366489625,0.6084791591881071,2.1646015958370697,1.5460077705611692,0.4483460043790406,14.800673171537396,15.686168320289264
2024-04-05 00:00:00-04:00,136.77898070023477,137.94606910942494,136.5794811400113,137.60691833496094,42400,0.0,0.0,0.0,138.0820426940918,137.68463502851387,0.4502995471895872,0.8275602394307832,-0.37726069224119596,51.993020391735335,140.64042267911776,135.52366270906583,1.3665879694136436,1.2468808770030648,0.11970709241057875,1.3665879694136436,1.5197847404200888,0.45498635180375024,32.06811883503168,21.631815434138815
2024-04-08 00:00:00-04:00,138.2553155223134,138.61442083097555,137.65680160092936,137.70668029785156,47300,0.0,0.0,0.0,137.94387969970703,137.6867345779746,0.4065910424095023,0.743366400026527,-0.3367753576170247,57.36295427072434,140.24478459906288,135.64297480035117,0.9576192300461912,1.0075024960146095,0.0498832659684183,1.0075024960146095,1.474184504671791,0.45571132961807637,33.71448471030715,26.861092238958744
2024-04-09 00:00:00-04:00,137.60692184063694,138.1356025380762,135.47224452809704,136.2802276611328,67900,0.0,0.0,0.0,137.82755584716796,137.55278153827538,0.25392187770214036,0.6454774955616497,-0.3915556178595093,49.08656825223255,140.22075024513478,135.43436144920113,2.663358009979163,0.42892224022463665,2.2344357697545263,2.663358009979163,1.6045738440370019,0.46606996024974523,14.160793027027571,26.647798857455467
2024-04-10 00:00:00-04:00,133.93606770563017,135.04330768604797,133.56697756493114,134.71412658691406,100300,0.0,0.0,0.0,137.6568389892578,137.28243344766955,0.006484447834736784,0.5176788860162672,-0.5111944381815304,33.38904686448589,140.4184199079479,134.8952580705677,1.4763301211168312,1.2369199750848452,2.7132500962016763,2.7132500962016763,1.6138374367063701,0.4775617305607909,15.072165854874198,20.982481197402972
2024-04-11 00:00:00-04:00,135.13308667273253,135.99094845740845,133.94604377315116,135.32261657714844,154200,0.0,0.0,0.0,137.5075798034668,137.09578422190563,-0.13891017119178173,0.38636107457465746,-0.5252712457664392,32.82829128226258,140.43851610506604,134.57664350186755,2.0449046842572898,1.2768218704943877,0.7680828137629021,2.0449046842572898,1.6829501333835932,0.4820786287187713,23.066996411404787,17.433318431102183
2024-04-12 00:00:00-04:00,135.32261754712462,135.95104038841185,132.8886833861403,133.4073944091797,55300,0.0,0.0,0.0,137.3313102722168,136.744509001646,-0.4040215679173116,0.22828454607626367,-0.6323061139935753,30.732882747680478,140.78518844051698,133.87743210391662,3.0623570022715683,0.6284238112634171,2.433933191008151,3.0623570022715683,1.7919628679354471,0.4962316374058068,6.2575693664152245,14.798910544231402
2024-04-15 00:00:00-04:00,135.09317928394447,135.09317928394447,131.82133783739383,132.22035217285156,80400,0.0,0.0,0.0,137.08721847534179,136.31363692271321,-0.7018185207521697,0.04226393271057699,-0.7440824534627466,27.576331111345453,141.230490333473,132.94394661721057,3.2718414465506385,1.685784874764778,1.5860565717858606,3.2718414465506385,1.9679535142480944,0.5051295117821498,4.264485050066532,11.196350275962182
2024-04-16 00:00:00-04:00,132.31013338694711,133.4273431579792,131.64180145457314,132.87872314453125,85400,0.0,0.0,0.0,136.9316062927246,135.98650227717206,-0.8746176681582938,-0.14111238746319718,-0.7335052806950966,31.320407727004664,141.46376495600967,132.39944762943955,1.7855417034060679,1.2069909851276464,0.5785507182784215,1.7855417034060679,2.0484663349549925,0.5101088584625989,12.970776757446462,7.830943724642739
2024-04-17 00:00:00-04:00,133.63682322806903,133.66674740161108,131.4522672344544,131.7814483642578,62200,0.0,0.0,0.0,136.69519577026367,135.58602095213263,-1.0875663539466416,-0.33040318075988606,-0.7571631731867555,20.05905142329216,141.77965058281066,131.61074095771667,2.2144801671566654,0.7880242570798259,1.4264559100768395,2.2144801671566654,2.083379721964509,0.5183665746289406,3.38463375664721,6.873298521386734
2024-04-18 00:00:00-04:00,131.95101414438653,133.65676801625457,131.77146911621094,131.77146911621094,46300,0.0,0.0,0.0,136.34955749511718,135.22273030109247,-1.2428086391925603,-0.512884272446421,-0.7299243667461394,18.54920181272547,141.79194427406702,130.90717071616734,1.8852989000436366,1.8753196519967616,0.009979248046875,1.8852989000436366,2.1275541276933785,0.5184423003716058,3.38263918181809,6.579349898637253
2024-04-19 00:00:00-04:00,131.63183598520712,132.64928839293165,131.50215441093474,131.90115356445312,55700,0.0,0.0,0.0,135.97499084472656,134.90638965950777,-1.3399289506885168,-0.6782932080948402,-0.6616357425936766,21.60623113236217,141.5647531491658,130.38522854028733,1.147133981996916,0.8778192767207145,0.2693147052762015,1.147133981996916,2.0349266244106223,0.5194264621868453,6.26747700882527,4.344916649096857
2024-04-22 00:00:00-04:00,132.63930817210152,133.37747329021656,131.55202262768785,132.53955078125,83400,0.0,0.0,0.0,135.68770599365234,134.68097643300703,-1.349824243532737,-0.8125994151824196,-0.5372248283503174,30.545276275421443,141.3674050581451,130.0080069291596,1.8254506625287092,1.4763197257634317,0.3491309367652775,1.8254506625287092,2.015689642981694,0.5242664290828506,15.180958243114393,8.277024811252584
2024-04-23 00:00:00-04:00,133.21786558095621,135.2926944690559,133.21786558095621,134.83383178710938,47900,0.0,0.0,0.0,135.51014862060546,134.6955340857787,-1.1591747859656891,-0.8819144893390736,-0.27726029662661555,41.993693987916274,141.05524503545632,129.9650522057546,2.074828888099688,2.7531436878059026,0.6783147997062144,2.7531436878059026,2.1361037431045395,0.5415765904070425,47.21435399399264,22.887596415310767
2024-04-24 00:00:00-04:00,135.5021577798649,135.77149054278132,133.18793561133705,134.30514526367188,82400,0.0,0.0,0.0,135.31613235473634,134.658354197959,-1.0387700072803625,-0.9132855929273314,-0.12548441435303115,40.83968752554326,140.73724676642982,129.89501794304286,2.5835549314442687,0.9376587556719471,1.6458961757723216,2.5835549314442687,2.1660289813621967,0.5454976131683941,39.83268427255162,34.075998836552884
2024-04-25 00:00:00-04:00,133.19791254999967,134.33507678573383,131.92109710008202,134.2652587890625,63300,0.0,0.0,0.0,135.03383712768556,134.62091653996885,-0.9357797711592184,-0.9177844285737089,-0.0179953425855095,36.30425945729599,140.01784313933092,130.0498311160402,2.4139796856518103,0.029931522061957594,2.3840481635898527,2.4139796856518103,2.240842675379209,0.5457945971337594,39.275778111969565,42.10760545950461
2024-04-26 00:00:00-04:00,134.69418373082829,136.17049875895634,134.59442633911598,135.77149963378906,43700,0.0,0.0,0.0,134.81438446044922,134.73049588223745,-0.7242692934660511,-0.8790814015521774,0.15481210808612633,42.88855992553466,139.19830824326186,130.43046067763657,1.576072419840358,1.9052399698938416,0.32916755005348364,1.9052399698938416,2.304966780656297,0.5570129931530376,64.62689964087247,47.91178734179789
2024-04-29 00:00:00-04:00,136.3500566338681,137.00841887763022,136.07075420697038,136.98846435546875,52300,0.0,0.0,0.0,134.72660369873046,134.94554049873565,-0.45322236826228846,-0.7939095948941997,0.3406872266319112,52.64334064952771,138.84125664365422,130.6119507538067,0.9376646706598422,1.2369192438411574,0.2992545731813152,1.2369192438411574,2.203078297360725,0.5659763229016386,99.6408571356043,67.84784496281544
2024-04-30 00:00:00-04:00,136.80890588921304,137.6567980525105,135.5620146025055,135.6916961669922,71500,0.0,0.0,0.0,134.677725982666,135.01660294333152,-0.33914463428300223,-0.7029566027719603,0.363811968488958,53.72342527693506,138.71776241742478,130.63768954790723,2.0947834500049964,0.6683336970417599,1.4264497529632365,2.0947834500049964,2.1589021083466764,0.5754425812072401,68.32795350456499,77.53190342701392
2024-05-01 00:00:00-04:00,135.37249851648767,138.4248859195373,135.37249851648767,136.52960205078125,138400,0.0,0.0,0.0,134.66076736450196,135.16069809642198,-0.1790611011561225,-0.5981775024487928,0.41911640129267025,54.51827565131463,138.664765319722,130.65676940928194,3.052387403049636,2.7331897525451154,0.3191976505045204,3.052387403049636,2.2308651596889866,0.5816176523977268,72.81819135168264,80.26233399728397
2024-05-02 00:00:00-04:00,138.1056744632463,138.1854773312827,136.70916232471092,138.06578063964844,68300,0.0,0.0,0.0,134.72909698486328,135.4373726243483,0.07094521366664708,-0.4643529592257048,0.5352981728923518,67.94771100429864,138.92176163811453,130.53643233161202,1.476315006571781,1.6558752805014478,0.1795602739296669,1.6558752805014478,2.1304021795625494,0.5928692679140146,94.84977888354732,78.66530791326498
2024-05-03 00:00:00-04:00,139.17301145878082,139.23285980062406,138.2453164976916,139.1331024169922,75900,0.0,0.0,0.0,134.80540618896484,135.7893468903144,0.3511530925476052,-0.3012517488710428,0.652404841418648,76.8812495698136,139.2656285454703,130.34518383245938,0.9875433029324654,1.167079160975618,0.17953585804315253,1.167079160975618,1.980062016307191,0.6005997987696614,98.71786907252262,88.79527976925085
2024-05-06 00:00:00-04:00,140.11068710912826,141.42739639594117,139.9410964994242,141.3775177001953,84200,0.0,0.0,0.0,134.98894805908202,136.32155363411258,0.7457291103589228,-0.09185557702504968,0.8375846873839724,79.41984003819984,140.19210554942867,129.78579056873537,1.4862998965169822,2.2942939789489856,0.8079940824320033,2.2942939789489856,2.0164014645602566,0.616731224319826,99.49996942457207,97.68920579354733
2024-05-07 00:00:00-04:00,140.91866716850384,140.91866716850384,139.73162425140438,140.7091827392578,89500,0.0,0.0,0.0,135.21039581298828,136.73942307269783,0.9930570577960225,0.12512694993916476,0.8679301078568578,81.85053729490795,140.990013848279,129.43077777769756,1.1870429170994612,0.4588505316914677,1.645893448790929,1.645893448790929,1.9757881275341325,0.621458531545256,92.76376679008604,96.99386842906024
2024-05-08 00:00:00-04:00,140.130631337934,141.07826570706143,139.76155637395127,141.01841735839844,88900,0.0,0.0,0.0,135.5256103515625,137.14694633800264,1.200183914348628,0.3401383428210574,0.8600455715275706,82.29968596165449,141.85297039025582,129.1982503128692,1.3167093331101682,0.36908296780362093,0.9476263653065473,1.3167093331101682,1.9351745870388848,0.6236562176743387,95.87940487334656,96.04771369600155
2024-05-09 00:00:00-04:00,141.0383700557884,142.43488224265147,140.7790221413256,142.315185546875,37500,0.0,0.0,0.0,135.87523880004883,137.6391595959905,1.452231376376858,0.5625569495322176,0.8896744268446404,83.63404652923157,142.8907235955713,128.85975400452637,1.6558601013258567,1.4164648842530312,0.23939521707282552,1.6558601013258567,1.9715121669909519,0.6328519540381984,98.90013562600872,95.84776909648043
2024-05-10 00:00:00-04:00,142.77403498772935,142.8438529801671,141.33761388846312,141.82638549804688,36200,0.0,0.0,0.0,136.2961883544922,138.03794301523396,1.5941622173599512,0.7688780030977643,0.8252842142621869,80.28621076768738,143.68840044970366,128.9039762592807,1.506239091703975,0.5286674332920995,0.9775716584118754,1.506239091703975,1.9487113405034708,0.6362865843409999,90.68488307080705,95.15480785672078
2024-05-13 00:00:00-04:00,142.3251503371205,143.49225396444646,141.14809227994152,141.40744018554688,54200,0.0,0.0,0.0,136.75554275512695,138.35884750764473,1.6537743645135663,0.9458572753809247,0.7079170891326416,74.42549003154618,144.22273589763958,129.28834961261433,2.3441616845049396,1.665868466399587,0.6782932181053525,2.3441616845049396,1.919498340267688,0.6392405150290648,81.98266773722371,90.52256214467981
2024-05-14 00:00:00-04:00,142.44486069433594,143.33264666329399,142.40495165031504,143.2428741455078,56600,0.0,0.0,0.0,137.27375030517578,138.8239929017269,1.8280489909753612,1.122295618499812,0.7057533724755491,80.27029904260476,145.04061759694804,129.50688301340352,0.9276950129789441,1.9252064777471105,0.9975114647681664,1.9252064777471105,1.8724734507178908,0.6522202702495297,97.84481515667062,90.17078865490045
2024-05-15 00:00:00-04:00,143.89125589657962,143.89125589657962,142.33513799084892,142.80397033691406,71100,0.0,0.0,0.0,137.8248764038086,139.20303837174473,1.9087442037174185,1.2795853355433335,0.629158868174085,78.15786110292038,145.51469515761474,130.13505765000244,1.5561179057307015,0.6483817510718097,0.9077361546588918,1.5561179057307015,1.8111976092949544,0.6552843236009579,88.30477042797165,89.37741777395532
2024-05-16 00:00:00-04:00,142.84386475830738,143.49225736896574,142.49474432565236,142.88377380371094,160600,0.0,0.0,0.0,138.3804916381836,139.55358460336055,1.956580966565042,1.4149844617476754,0.5415965048173665,75.88959195190338,145.83078688567335,130.93019639069385,0.9975130433133756,0.6882870320516759,0.3092260112616998,0.9975130433133756,1.7463599716820641,0.655843155870177,88.17336792308306,91.44098450257509
2024-05-17 00:00:00-04:00,142.86381193413385,143.342613908466,142.38500995980166,142.9236602783203,54200,0.0,0.0,0.0,138.93161697387694,139.87454419145195,1.9749445198582123,1.526976473369783,0.44796804648842925,73.6298170092352,145.98392601360678,131.8793079341471,0.9576039486643424,0.458840104755069,0.4987638439092734,0.9576039486643424,1.7264088791694345,0.6561223091536293,88.641587322107,88.37324189105391
2024-05-20 00:00:00-04:00,143.44237526128796,144.68926653577614,143.2229211793108,144.4797821044922,55400,0.0,0.0,0.0,139.52862854003905,140.31313827840816,2.0909605033596392,1.6397732793677544,0.4511872239918848,84.28010913714044,146.31928339047536,132.73797368960274,1.4663453564653537,1.765606257455829,0.2992609009904754,1.765606257455829,1.7028962225587796,0.6670100923460104,97.75153324790035,91.52216283103014
2024-05-21 00:00:00-04:00,144.2902527930487,145.01844825937113,144.1605864501366,144.55958557128906,53400,0.0,0.0,0.0,140.01491622924806,140.7175618301111,2.1643936957236463,1.7446973626389328,0.41969633308471344,83.29193874697765,146.78289992852186,133.24693252997426,0.8578618092345209,0.5386661548789391,0.31919565435558184,0.8578618092345209,1.5461443944291287,0.6675624427554204,94.47771214409619,93.62361090470118
2024-05-22 00:00:00-04:00,144.30024186565646,144.320181167706,143.0932443746434,143.58203125,48800,0.0,0.0,0.0,140.47876052856446,140.99036844152909,2.1192798271228526,1.8196138555357169,0.2996659715871357,73.98093004188385,146.85959384061024,134.09792721651868,1.226936793062606,0.23940440358305182,1.4663411966456579,1.4663411966456579,1.5326062455822864,0.6743247360853705,78.79242483517052,90.34055674238903
2024-05-23 00:00:00-04:00,144.0508633730092,144.0508633730092,141.08824839335574,141.2378692626953,113600,0.0,0.0,0.0,140.8273910522461,141.0139399483068,1.8727841894640278,1.8302479223213792,0.042536267142648576,58.23579284238683,146.50160210715103,135.15317999734117,2.962614979653466,0.4688321230092072,2.493782856644259,2.962614979653466,1.6608588040592756,0.6906510268259097,28.490545723125273,67.25356090079732
2024-05-24 00:00:00-04:00,142.09572944689438,143.0732879638672,141.64685162324247,143.0732879638672,43800,0.0,0.0,0.0,141.19248046875,141.21006833074114,1.8047337237055956,1.8251450825982227,-0.02041135889262713,56.85482577662202,146.4189394081661,135.96602152933391,1.4264363406247185,1.835418701171875,0.40898236054715653,1.835418701171875,1.6280819985037678,0.7036462575721204,63.20739459885998,56.830121719051924
2024-05-28 00:00:00-04:00,143.4423689163125,143.89124671110457,142.22540186857563,142.60446166992188,62000,0.0,0.0,0.0,141.47328033447266,141.3428676963774,1.6934518171275954,1.7988064295040975,-0.10535461237650212,57.7869001480783,146.33977945667965,136.60678121226567,1.6658448425289407,0.8179587472373839,0.8478860952915568,1.6658448425289407,1.6295070980564828,0.706923083740145,54.079584627857535,48.592508316614264
2024-05-29 00:00:00-04:00,141.65682248777608,141.65682248777608,139.8912353515625,139.8912353515625,59700,0.0,0.0,0.0,141.68325729370116,141.2046169968712,1.3705268356702618,1.7131505107373304,-0.3426236750670686,46.132809268986776,145.8047723314346,137.56174225596772,1.7655871362135827,0.9476391821457923,2.713226318359375,2.713226318359375,1.729258311288569,0.7259493209741491,0.0,39.09565974223917
2024-05-30 00:00:00-04:00,140.56954357017256,141.64685953965122,140.56954357017256,141.30770874023438,58000,0.0,0.0,0.0,141.92216262817382,141.21443525814388,1.2148994215374387,1.613500292897352,-0.3986008713599134,46.57165941113917,145.26650800998797,138.57781724635967,1.0773159694786614,1.7556241880887171,0.6783082186100557,1.7556241880887171,1.7363843174859162,0.7360748544653083,27.626576351347122,27.235386993068218
2024-05-31 00:00:00-04:00,141.71668212939613,143.21295166015625,141.27777396503865,143.21295166015625,39200,0.0,0.0,0.0,142.1795211791992,141.40477015357362,1.2311092938597596,1.5370220930898337,-0.3059127992300741,54.30348597992747,145.03007438364497,139.32896797475345,1.935177695117602,1.905242919921875,0.02993477519572707,1.935177695117602,1.7670227891583181,0.7495577913617254,64.78600300632831,30.804193119225147
2024-06-03 00:00:00-04:00,143.83141170531434,144.2104715418106,142.02591548763098,143.36257934570312,43800,0.0,0.0,0.0,142.39099502563477,141.59122817187168,1.2417157124025096,1.4779608169523688,-0.23624510454985925,56.171336316926144,144.89662615991546,139.88536389135407,2.184556054179609,0.9975198816543411,1.1870361725252678,2.184556054179609,1.7556223869922232,0.7506025829382718,67.70430751673777,53.3722956248044
2024-06-04 00:00:00-04:00,142.82390936503998,142.82390936503998,141.53712424417927,141.99598693847656,41300,0.0,0.0,0.0,142.42191848754882,141.62977662583407,1.1268590595458363,1.4077404654710624,-0.28088140592522604,45.94419672105111,144.88986713283555,139.9539698422621,1.2867851208607135,0.5386699806631441,1.8254551015238576,1.8254551015238576,1.748497288690562,0.7601350035564247,41.05059853684981,57.84696968663863
2024-06-05 00:00:00-04:00,142.5146889206594,143.78153479455491,141.78650863383078,143.60198974609375,42200,0.0,0.0,0.0,142.56655883789062,141.8176064468112,1.1521441388606775,1.3566212001489855,-0.204477061288308,52.412575896106866,144.94947380480113,140.18364387098012,1.9950261607241373,1.7855478560783524,0.20947830464578487,1.9950261607241373,1.7798478783329503,0.77144520212079,72.3737137749801,60.37620660952256
2024-06-06 00:00:00-04:00,143.85136467589035,143.85136467589035,142.0558381287632,142.1256561279297,43800,0.0,0.0,0.0,142.62192077636718,141.84694451167962,1.041054335292415,1.2935078271776714,-0.25245349188525634,47.88651750969453,144.902650208957,140.34119134377735,1.7955265471271389,0.24937492979660192,1.546151617330537,1.7955265471271389,1.8368488428910763,0.7817259344475106,43.57963705708839,52.334649789639435
2024-06-07 00:00:00-04:00,141.646843759688,142.44485719123458,141.3276322987333,141.49722290039062,26600,0.0,0.0,0.0,142.58102264404297,141.81363769155686,0.8920228717780958,1.2132108360977565,-0.3211879643196607,46.149721123217326,144.91365647069517,140.24838881739078,1.1172248925012696,0.31920106330488807,0.7980238291963815,1.1172248925012696,1.8482503388794282,0.7861476078079727,31.322817634162277,49.09205615541026
2024-06-10 00:00:00-04:00,141.04833044232274,141.90619222100335,141.04833044232274,141.57701110839844,75900,0.0,0.0,0.0,142.56855392456055,141.79110182649416,0.7714596976204575,1.1248606084022967,-0.3534009107818392,41.48621941526497,144.920756040213,140.2163518089081,0.8578617786806149,0.4089693206127265,0.44889245806788836,0.8578617786806149,1.7834114475383416,0.7867114931364075,32.878988782941704,35.92714782473079
2024-06-11 00:00:00-04:00,141.04834440960664,141.17802598158246,139.562059651356,141.14810180664062,55700,0.0,0.0,0.0,142.55558700561522,141.72986372936526,0.6339948197484659,1.0266874506715307,-0.3926926309230647,40.19496484089595,144.9374127781474,140.17376123308304,1.6159663302264562,0.39898512681597254,2.0149514570424287,2.0149514570424287,1.8660607080960492,0.7897410054731909,33.333368007408176,32.51172480817072
2024-06-12 00:00:00-04:00,142.42490625240669,142.92366275706448,141.9760284423828,141.9760284423828,35100,0.0,0.0,0.0,142.49224472045898,141.7533079877479,0.5851148342983379,0.9383729273968922,-0.35325809309855427,45.344099825090225,144.86447334903397,140.120016091884,0.9476343146816646,1.775560950423852,0.8279266357421875,1.775560950423852,1.8881478333659203,0.7956066644876946,51.931043287791226,39.381133359380364
2024-06-13 00:00:00-04:00,141.94611628355338,141.94611628355338,139.62190894863514,140.49972534179688,67700,0.0,0.0,0.0,142.3770324707031,141.63391916432397,0.4223828053741556,0.8351749029923449,-0.41279209761818925,47.746690254802175,144.90427184366203,139.8497930977442,2.324207334918242,0.029912158829432656,2.3541194937476746,2.3541194937476746,1.8446838700869352,0.8060049205650228,20.171742791690715,35.145384695630035
2024-06-14 00:00:00-04:00,139.12313642072385,139.12313642072385,136.95853508245352,138.34507751464844,55300,0.0,0.0,0.0,142.15009765625,141.32069615006915,0.11819198390463725,0.6917783191748035,-0.5735863352701662,35.84226868748527,145.23854285588553,139.0616524566145,2.16460133827033,1.3765889210730222,3.5411902593433524,3.5411902593433524,1.9665246956706122,0.8213405222674943,19.119616394402893,30.40746749129495
2024-06-17 00:00:00-04:00,137.70666739462533,139.48223924862648,137.25778960606817,139.29270935058594,93600,0.0,0.0,0.0,141.9685501098633,141.12755455011836,-0.04588651305687108,0.5442453527284686,-0.5901318657853397,40.36000039086061,145.28406146631374,138.65303875341283,2.2244496425583122,1.137161733978047,1.0872879085802651,2.2244496425583122,2.0064250385298528,0.8281902913591135,32.18691009241626,23.82608975950329
2024-06-18 00:00:00-04:00,139.65182710276943,141.02839998345164,139.2528279708123,140.9685516357422,104200,0.0,0.0,0.0,141.7929885864258,141.11241141541586,-0.04022969433265189,0.42735034331624455,-0.46758003764889644,53.33746165154788,144.9148030969894,138.67117407586218,1.7755720126393442,1.7356906328656976,0.039881379773646586,1.7755720126393442,1.9394497309784222,0.8402213753474241,55.295803758933914,35.53411008191769
2024-06-20 00:00:00-04:00,141.09822508097213,141.25783083012143,139.7416066548872,140.12066650390625,77300,0.0,0.0,0.0,141.57104263305663,141.01795951908161,-0.10297681617004173,0.3212849114189873,-0.424261727589029,46.18833245792143,144.48921076352286,138.6528745025904,1.5162241752342425,0.28927919437924743,1.226944980854995,1.5162241752342425,1.9223497300602455,0.8462360865861892,43.60395928969669,43.69555771368229
2024-06-21 00:00:00-04:00,139.9710332550698,141.98599858181933,139.25282266822262,141.7864990234375,44700,0.0,0.0,0.0,141.48126602172852,141.09115375759168,-0.018077217006862156,0.2534124857338174,-0.2714897027406796,45.34804564572215,144.2453495500108,138.71718249344624,2.7331759135967104,1.8653320779130809,0.8678438356836295,2.7331759135967104,1.9793496028087532,0.8581246435071258,66.57482409066789,55.158195713099495
2024-06-24 00:00:00-04:00,142.13005464787562,143.64801495183488,141.50089062444647,141.71060180664062,55800,0.164,0.0,0.0,141.5049026489258,141.15014880988207,0.042591092302473044,0.21124820704754854,-0.1686571147450755,44.58652932646633,144.2683074304381,138.74149786741347,2.1471243273884113,1.861515928397381,0.2856083989910303,2.1471243273884113,1.9766759080379532,0.8586599357762743,68.94217621036061,59.70698653024173
2024-06-25 00:00:00-04:00,141.2412228258214,141.2412228258214,139.6034123809142,140.22259521484375,52200,0.0,0.0,0.0,141.36236801147462,141.06181037225937,-0.029063505644643328,0.16318586450911016,-0.19224937015375348,44.234537511893464,144.078831883098,138.64590413985124,1.6378104449072168,0.46937898081921503,2.107189425726432,2.107189425726432,1.9967997883381372,0.8691602552500933,47.35442952917593,60.957143276734804
2024-06-26 00:00:00-04:00,140.23257997981844,140.71193505836723,139.56347605560453,140.68197631835938,37000,0.0,0.0,0.0,141.2662437438965,141.02563570045936,-0.04822615383395146,0.12090346084049784,-0.1691296146744493,39.74197062058703,143.93325170832617,138.59923577946682,1.1484590027627064,0.4893398435234815,0.6591191592392249,1.1484590027627064,1.9363307056266064,0.8724363399838823,54.019052486822176,56.771886075452905
2024-06-27 00:00:00-04:00,140.4922294925959,140.4922294925959,139.5035605812761,140.43231201171875,42400,0.0,0.0,0.0,141.2932975769043,140.96912868248407,-0.08260627982443225,0.08020151270751183,-0.16280779253194408,43.49021728801191,143.91211934485582,138.6744758089528,0.9886689113197917,0.18974682576347845,1.1784157370832702,1.1784157370832702,1.8922513620520445,0.8742110115741906,51.92895407556525,51.10081203052112
2024-06-28 00:00:00-04:00,141.1413713905414,141.40101888769985,139.11408201164798,139.7931671142578,38900,0.0,0.0,0.0,141.21757049560546,140.857132342653,-0.15958681161075106,0.03224384784385925,-0.1918306594546103,43.45442887068281,143.92086565073902,138.5142753404719,2.2869368760518682,0.9687068759810984,1.3182300000707698,2.2869368760518682,1.9758022180199444,0.8787622782186335,42.37447585093692,49.440827471108115
2024-07-01 00:00:00-04:00,140.75189104229173,141.16134747606858,138.63472546420385,138.8444366455078,44800,0.0,0.0,0.0,140.99914474487304,140.66544703816297,-0.293762743575968,-0.0329574704401062,-0.26080527313586177,40.16054592206764,143.72940767463973,138.26888181510634,2.526622011864731,1.3681803618107722,1.158441650053959,2.526622011864731,2.0949993775330955,0.8855489509032474,28.192050800336705,40.83182690894629
2024-07-02 00:00:00-04:00,138.48490659360522,140.12271697283617,138.48490659360522,139.93296813964844,89800,0.0,0.0,0.0,140.82766418457032,140.59568714306633,-0.3087041922374567,-0.0881068147995763,-0.2205973774378804,45.82296965430858,143.35627487870218,138.29905349043847,1.637810379230956,1.2782803273283605,0.35953005190259546,1.637810379230956,2.0680607291179904,0.8933888868808034,44.464339758451054,38.343622136574886
2024-07-03 00:00:00-04:00,140.3124635934997,140.99154862954526,140.11273359692288,140.74188232421875,52000,0.0,0.0,0.0,140.76495895385742,140.60961049365227,-0.25236369208076326,-0.1209581902558137,-0.13140550182494956,45.7520617056879,143.2330557596389,138.29686214807595,0.8788150326223843,1.0585804898968263,0.17976545727444204,1.0585804898968263,2.0168478390803455,0.8991696131479904,56.55667280025929,43.07102111968235
2024-07-05 00:00:00-04:00,140.9915620475637,140.9915620475637,139.53351921921274,140.6719970703125,44600,0.0,0.0,0.0,140.61845932006835,140.6155520723818,-0.21092122711769434,-0.13895079762818985,-0.0719704294895045,50.656523599959066,142.69414761907746,138.54277102105925,1.4580428283509548,0.24967972334493993,1.2083631050060148,1.4580428283509548,1.9528423629805798,0.8996661622402162,55.511968947780055,52.17766050216346
2024-07-08 00:00:00-04:00,141.24121467385586,142.21991756059094,141.24121467385586,141.46092224121094,50700,0.0,0.0,0.0,140.58522262573243,140.6960635170322,-0.11311419703656611,-0.1337834775098651,0.020669280473298995,63.25409435980518,142.5789653158518,138.59147993561305,0.9787028867350784,1.5479204902784431,0.5692176035433647,1.5479204902784431,1.810465950904515,0.9052744225004592,65.77440399542698,59.281015247822104
2024-07-09 00:00:00-04:00,141.45095102404915,141.45095102404915,140.5321807861328,140.5321807861328,30600,0.0,0.0,0.0,140.53697052001954,140.68045563789892,-0.10928334427799768,-0.12888345086349162,0.019600106585493937,55.280916407702605,142.4839412150699,138.58999982496917,0.918770237916334,0.009971217161790946,0.928741455078125,0.928741455078125,1.7179153660845015,0.9118397794934985,39.65197029545916,53.64611441288873
2024-07-10 00:00:00-04:00,140.91168358569666,141.86041259765625,140.80182979030616,141.86041259765625,71000,0.0,0.0,0.0,140.55114059448243,140.79283249120914,0.0009192443498591274,-0.10292291182082147,0.1038421561706806,53.91587130799709,142.533781013735,138.56850017522987,1.058582807350092,1.3282318115234375,0.2696490041733455,1.3282318115234375,1.6859624945762224,0.9212912218897764,65.37740000499296,56.934591431959696
2024-07-11 00:00:00-04:00,142.54948974048145,143.25853356664504,141.97026204058233,143.0787811279297,126700,0.0,0.0,0.0,140.64767456054688,141.01054188518253,0.1844416196857992,-0.04545000551949734,0.22989162520529655,62.57888446370244,142.9196005808249,138.37574854026886,1.2882715260627151,1.398120968988792,0.10984944292607679,1.398120968988792,1.677526551272976,0.9298797245450519,88.9749781641156,64.66811615485591
2024-07-12 00:00:00-04:00,143.70792589433282,144.49687998915505,143.4982147216797,143.4982147216797,49400,0.0,0.0,0.0,140.72378387451172,141.24746310770607,0.3595841477873307,0.03555682514186827,0.32402732264546247,58.14183377969386,143.26866645350393,138.17890129551952,0.99866526747536,1.41809886122536,0.41943359375,1.41809886122536,1.5835924761035938,0.9328112115932605,83.38872776425474,79.2470353111211
2024-07-15 00:00:00-04:00,144.44694875499198,145.35573783755729,143.9775748437076,144.98622131347656,111200,0.0,0.0,0.0,140.9481086730957,141.60353531777943,0.6114076327077953,0.15072698665505369,0.4606806460527416,63.7354453073713,144.12283678441767,137.77338056177373,1.3781629938496849,1.8575231158775978,0.4793601220279129,1.8575231158775978,1.562906675281393,0.9431807245149573,94.6219531384069,88.99521968892573
2024-07-16 00:00:00-04:00,145.49554299577363,149.10072516487554,145.49554299577363,149.09072875976562,89300,0.0,0.0,0.0,141.48539123535156,142.31660135987337,1.1291627219339944,0.34641413371084184,0.7827485882231525,80.49466694091029,146.1108996373099,136.85988283339321,3.6051821691019086,4.114503851398979,0.5093216822970703,4.114503851398979,1.7062862771151461,0.9714903625557656,99.90583481581939,92.63883857282701
2024-07-17 00:00:00-04:00,148.0221714342605,149.49021063887156,146.92363351297908,147.06344604492188,480000,0.0,0.0,0.0,141.87392807006836,142.76868180606846,1.3602227864178928,0.5491758642522521,0.8110469221656408,69.80793385861976,147.00208423939867,136.74577190073805,2.566577125892479,0.39948187910593447,2.1670952467865447,2.566577125892479,1.8075804287672728,0.9850880069680508,77.94913630765615,90.82564142062749
2024-07-18 00:00:00-04:00,146.863716924916,147.9222997072555,144.83642758022663,145.0661163330078,73700,0.0,0.0,0.0,142.07880630493165,142.98748509434841,1.366420491984286,0.7126247897986588,0.6537957021856271,62.97545831399925,147.3791794726632,136.7784331372001,3.085872127028864,0.8588536623336154,2.2270184646952487,3.085872127028864,1.9438273137633868,0.998669422103012,59.80034456415895,79.21843856254482
2024-07-19 00:00:00-04:00,145.20593152300177,145.20593152300177,143.43830487716653,143.45826721191406,54200,0.0,0.0,0.0,142.24568634033204,143.03232148649752,1.2274430323608954,0.8155884383111062,0.4118545940497892,59.73479733289671,147.49640882988612,136.99496385077796,1.7676266458352359,0.13981518999395348,1.6278114558412824,1.7676266458352359,1.9067337258907702,1.0097529829078167,45.19057899584349,60.9800199558862
2024-07-22 00:00:00-04:00,144.19727648608531,145.76518826094872,143.74788016613337,145.65533447265625,53200,0.0,0.0,0.0,142.43912811279296,143.2821322470841,1.2798342283007855,0.9084375963090421,0.37139663199174344,66.96525831446232,147.8994995027757,136.9787567228102,2.0173080948153483,2.3069210490346563,0.289612954219308,2.3069210490346563,1.8910407999743362,1.0250680100822125,65.15429150851324,56.71507168950523
2024-07-23 00:00:00-04:00,146.12471103971367,148.8111078418235,146.10473346736134,148.3517303466797,49900,0.0,0.0,0.0,142.77118453979492,143.76495111371224,1.521393562896037,1.0310287896264412,0.49036477326959593,69.41512384561139,148.8209300731422,136.72143900644764,2.7063743744621718,3.155773369167264,0.44939899470509204,3.155773369167264,1.9994667278269296,1.0435801770672783,88.56567664692291,66.30351571709322
2024-07-24 00:00:00-04:00,147.32310960140623,147.9822171194513,144.92630373381903,145.2259063720703,59800,0.0,0.0,0.0,143.02135009765624,143.90408970974633,1.4439581539873245,1.1136146624986178,0.3303434914887067,59.34255428323996,149.04107111648486,137.00162907882762,3.055913385632266,0.36951322722839564,3.4254266128606616,3.4254266128606616,2.1685271651814895,1.0646505344355726,57.171473062008715,70.29714707248162
2024-07-25 00:00:00-04:00,145.76519129161733,149.65997979674265,145.76519129161733,147.472900390625,146500,0.0,0.0,0.0,143.36089630126952,144.24397644125858,1.546081408841161,1.2001080117671266,0.3459733970740344,62.991240537203524,149.58755787668863,137.1342347258504,3.8947885051253195,4.434073424672334,0.5392849195470149,4.434073424672334,2.381100779204445,1.080122939288725,76.03935621746861,73.92550197546676
2024-07-26 00:00:00-04:00,148.9109784172647,149.7698311555297,147.82243693458656,148.68128967285156,48300,0.0,0.0,0.0,143.77334518432616,144.6665777014103,1.7048690708120375,1.3010602235761088,0.4038088472359287,63.57496620559392,150.27016936954772,137.2765209991046,1.9473942209431243,2.296930764904687,0.34953654396156253,2.296930764904687,2.4346015131063194,1.0883169144463696,88.21625154504311,73.80902694150681
2024-07-29 00:00:00-04:00,149.2605252855796,149.2605252855796,147.79248604754687,148.08209228515625,65700,0.0,0.0,0.0,144.1877914428711,144.99186480462419,1.7620474295108295,1.3932576647630532,0.36878976474777625,64.37263804286889,150.6730721279463,137.70251075779586,1.4680392380327305,0.5792356127280414,0.8888036253046891,1.4680392380327305,2.4731227833173626,1.0923469937456125,81.18043472965762,81.81201416405645
2024-07-30 00:00:00-04:00,148.63135904330431,149.59006920175872,148.00219502540264,148.73121643066406,52000,0.0,0.0,0.0,144.6821304321289,145.3479935309137,1.838546959420654,1.4823155236945733,0.35623143572608074,63.42700244336049,150.95627891003207,138.40798195422573,1.587874176356081,1.5079769166024732,0.07989725975360784,1.587874176356081,2.4916686665196943,1.0967305362489006,86.68369098909339,85.36012575459806
2024-07-31 00:00:00-04:00,149.74984712264722,152.10669765817264,149.06076568071492,150.5487823486328,100700,0.0,0.0,0.0,145.21292114257812,145.84330675164887,2.0225213998498077,1.5903566989256204,0.43216470092418735,64.26391182582407,151.59070738606735,138.8351348990889,3.0459319774577125,3.3754812275085726,0.3295492500508601,3.3754812275085726,2.632908684985393,1.108951009943581,82.02763362369232,83.29725311414778
2024-08-01 00:00:00-04:00,150.80843078125812,151.4076360141692,146.76384879358565,147.99220275878906,126900,0.0,0.0,0.0,145.57543716430663,146.04796351423363,1.9396685707985455,1.6602190733002056,0.2794494974983399,57.933708956003876,151.7024714492652,139.44840287934807,4.643787220583562,0.858853665536401,3.784933555047161,4.643787220583562,2.8633149963681217,1.1259327453648837,52.53451241389156,73.74861234222577
2024-08-02 00:00:00-04:00,145.80512525990565,145.80512525990565,142.2898193430456,143.27850341796875,155700,0.0,0.0,0.0,145.70576248168945,145.78420540982745,1.4766293006696003,1.6235011187740847,-0.14687181810448435,47.293444261885156,151.4952283142563,139.9162966491226,3.5153059168600578,2.1870774988834114,5.702383415743469,5.702383415743469,3.13794787492997,1.1577837432752474,10.071267496508252,48.21113784469738
2024-08-05 00:00:00-04:00,138.63472472430746,141.7904955016649,138.32512567999612,140.52220153808594,145500,0.0,0.0,0.0,145.6588264465332,145.2830621839473,0.8771456279492043,1.4742300206091086,-0.5970843926599043,35.813508855520084,151.6062570290643,139.7113958640021,3.465369821668787,1.488007916303843,4.95337773797263,4.95337773797263,3.197867438256659,1.1770211153452375,15.942128093725053,26.18263600137496
2024-08-06 00:00:00-04:00,142.00022336977352,143.23855860596672,141.06147553690232,141.5508270263672,103000,0.0,0.0,0.0,145.70975875854492,144.9276112165587,0.4795243207183262,1.2752888806309521,-0.795764559912626,40.56088870170187,151.4873552636902,139.93216225339964,2.1770830690643947,2.7163570678807787,0.5392739988163839,2.7163570678807787,3.2085660055415377,1.1843411365021965,23.405902835170412,16.47309947513458
2024-08-07 00:00:00-04:00,143.418322236165,144.9962152156014,141.85041042374965,141.9702606201172,58900,0.0,0.0,0.0,145.71525115966796,144.64595877880234,0.1959920809850928,1.0594295207017803,-0.8634374397166875,44.39624505055504,151.47762875135925,139.95287356797667,3.1458047918517593,3.4453881892342224,0.2995833973824631,3.4453881892342224,3.2342457242704916,1.1873042671497616,26.449340800115078,21.932457243003523
2024-08-08 00:00:00-04:00,142.8091267333533,146.19460122609664,142.75919042457335,145.7651824951172,60000,0.0,0.0,0.0,145.84957122802734,144.75255151368947,0.2743467198723124,0.9024129605358868,-0.6280662406635744,53.86934925441587,151.4768433532469,140.2222991028078,3.4354108015232896,4.2243406059794495,0.7889298044561599,4.2243406059794495,3.4097252928522215,1.214034667294299,53.98554553067382,34.61359638865311
2024-08-09 00:00:00-04:00,146.28449232516107,146.82378013338905,145.71526101472435,146.64401245117188,48200,0.0,0.0,0.0,146.00686111450196,144.93269065059255,0.4027153169778046,0.8024734318242704,-0.39975811484646584,51.7350169554702,151.5323402265293,140.48138200247462,1.1085191186647023,1.0585976382718627,0.04992148039283961,1.1085191186647023,3.324125154968653,1.2200637473600007,60.362393958751106,46.93242676318001
2024-08-12 00:00:00-04:00,146.97357396229089,146.97357396229089,145.87505124851285,146.4043426513672,29400,0.0,0.0,0.0,146.0777671813965,145.07284798399965,0.4795806974381094,0.7378948849470383,-0.25831418750892887,46.26008064516129,151.58446357942242,140.57107078337057,1.0985227137780385,0.3295615111190102,0.7689612026590282,1.0985227137780385,3.1771786795837085,1.221698112076286,58.62333400111919,57.65709116351471
2024-08-13 00:00:00-04:00,146.90367111329587,147.3330898760636,145.5255081287426,147.22323608398438,43100,0.0,0.0,0.0,145.98439254760743,145.27764685066487,0.5996623867546873,0.7102483853085682,-0.11058599855388085,54.20876330260127,151.33715641577112,140.63162867944374,1.8075817473210236,0.9287472246964228,0.8788345226246008,1.8075817473210236,3.061618332045163,1.2272914805364499,64.56527904130711,61.18366900039248
2024-08-14 00:00:00-04:00,147.72256835230002,148.46158615515418,147.55279708105442,148.10206604003906,64700,0.0,0.0,0.0,146.03632354736328,145.54663915441478,0.7570158163403562,0.7196018715149258,0.03741394482543037,51.40689605285696,151.452938005244,140.61970908948257,0.908789074099758,1.2383500711698048,0.3295609970700468,1.2383500711698048,2.833352378223554,1.2332608504499964,70.94212746938439,64.71024683727023
2024-08-15 00:00:00-04:00,149.43029362959567,150.32908630371094,148.90100223997305,150.32908630371094,82400,0.0,0.0,0.0,146.29947204589843,146.00211031149058,1.0493254951252595,0.7855465962369926,0.2637788988882669,53.524141955140045,152.0204436284211,140.57850046337575,1.4280840637378844,2.227020263671875,0.7989361999339906,2.227020263671875,2.8283587709926388,1.2482979145721795,87.1015341553446,74.20298022201204
2024-08-16 00:00:00-04:00,150.29911946021872,151.8470536385566,150.29911946021872,151.5674285888672,48500,0.0,0.0,0.0,146.7049301147461,146.5321406236217,1.3651700639849196,0.9014712897865781,0.4636987741983415,57.255724625849645,152.7199323520686,140.6899278774236,1.5479341783378686,1.5179673348456504,0.02996684349221823,1.5479341783378686,2.8340655524430054,1.2565354573897711,96.0870278792623,84.71022983466376
2024-08-19 00:00:00-04:00,151.70724097860102,152.1865960292956,151.2378670945213,151.88699340820312,51500,0.0,0.0,0.0,147.01651306152343,147.04212660310563,1.6225614916825464,1.045689330165772,0.5768721615167745,56.66105183147764,153.43468868207702,140.59833744096983,0.9487289347742944,0.6191674404284129,0.32956149434588156,0.9487289347742944,2.7884123209014495,1.2586438577387853,97.83859422166122,93.67571875208938
2024-08-20 00:00:00-04:00,152.07674647673392,152.07674647673392,150.03947602574652,150.90830993652344,52500,0.0,0.0,0.0,147.14434204101562,147.4103345396216,1.7276590969335075,1.1820832835193191,0.5455758134141884,50.78673325061537,153.77287874807553,140.5158053339557,2.0372704509873927,0.18975306853079132,1.8475173824566014,2.0372704509873927,2.6928258368642224,1.2650873553004853,90.77813492681341,94.90125234257899
2024-08-21 00:00:00-04:00,151.31777357490301,151.89700128919705,150.6087144926948,151.82708740234375,58700,0.0,0.0,0.0,147.4744010925293,147.83097766940466,1.8636048920880626,1.3183876052330679,0.5452172868549947,59.03959577677658,154.35338585266615,140.59541633239243,1.2882867965022626,0.9886913526736123,0.29959544382865033,1.2882867965022626,2.4531472351441295,1.2711756712203095,97.40641780494795,95.3410489844742
2024-08-22 00:00:00-04:00,151.93693160778693,152.49618171362317,151.47753888460858,151.9569091796875,46200,0.0,0.0,0.0,147.69860153198243,148.22392352752684,1.9592336210475594,1.4465568083959661,0.5126768126515933,76.09620505930914,154.86371597374284,140.53348709022202,1.0186428290145955,0.669094311279423,0.3495485177351725,1.0186428290145955,2.118594336092067,1.272030734566152,96.19454942062178,94.79303405079439
2024-08-23 00:00:00-04:00,152.42628811488285,154.0740797482935,152.42628811488285,153.52481079101562,33100,0.0,0.0,0.0,147.94077758789064,148.72876993357337,2.136903738132588,1.5846261943432907,0.5522775437892975,92.1087612457021,155.55884008619682,140.32271508958445,1.6477916334106624,2.1171705686060136,0.46937893519535123,2.1171705686060136,1.9160081097087374,1.282348801837934,95.77894671692957,96.45997131416645
2024-08-26 00:00:00-04:00,153.77446983074543,153.92427876022967,152.16661818018386,152.6060333251953,43100,0.0,0.0,0.0,148.16697463989257,149.09803311372784,2.1784590036678537,1.7033927562082034,0.4750662474596503,86.058676211787,156.0661684856037,140.26778079418145,1.7576605800458083,0.3994679692140437,1.3581926108317646,1.7576605800458083,1.8475297891490965,1.288333355481651,87.9901330433529,93.32120972696809
2024-08-27 00:00:00-04:00,152.18660722978473,152.90564747795705,151.0081894687611,152.4662322998047,50600,0.0,0.0,0.0,148.3537254333496,149.41881398859232,2.1750385857094727,1.7977219221084573,0.37731666360101546,84.87071963467727,156.4823587962904,140.2250920704088,1.897458009195958,0.299614152761734,1.597843856434224,1.897458009195958,1.736963347717792,1.2892494465584219,85.78998519129846,89.85302165052697
2024-08-28 00:00:00-04:00,152.84572970087115,154.52348011774026,152.27648315616122,153.10537719726562,78400,0.0,0.0,0.0,148.48155517578124,149.7699152465612,2.198557924306357,1.8778891225480372,0.3206688017583197,80.85656115737362,156.83289093306215,140.13021941850033,2.2469969615790433,2.0572478179355755,0.18974914364346773,2.2469969615790433,1.5957245159749058,1.29344148887376,84.2397495545815,86.00662259641096
2024-08-29 00:00:00-04:00,153.8943248998616,156.2212015796957,153.4848684800844,154.7332000732422,83600,0.0,0.0,0.0,148.8186050415039,150.2426090395784,2.321784781697403,1.9666682543779106,0.3551165273194923,81.99064659204055,157.61883695612428,140.01837312688352,2.7363330996113007,3.115824382430077,0.3794912828187762,3.115824382430077,1.7391034633867182,1.3040735313648557,86.08784448360461,85.3725264098282
2024-08-30 00:00:00-04:00,155.13265793351746,155.6919080413388,153.7844689746816,155.30242919921875,49400,0.0,0.0,0.0,149.4198013305664,150.7244966738299,2.4372795457518066,2.06079051265269,0.37648903309911663,84.29566688191697,158.26915930272466,140.57044335840814,1.90743906665719,0.9587079680966042,0.9487310985605859,1.90743906665719,1.7968832028780863,1.3077523095825048,91.40988487852484,87.24582630557033
2024-09-03 00:00:00-04:00,154.87301632794953,155.0128288602098,150.38900365162178,150.64866638183594,96800,0.0,0.0,0.0,149.9261245727539,150.71727474125905,2.128751292319407,2.0743826685860336,0.05436862373337359,60.19019605172969,157.72886985485812,142.1233792906497,4.623825208588016,0.2896003390089561,4.913425547596972,4.913425547596972,2.0187291886120824,1.3377181178533661,35.71440743526418,71.0707122657979
2024-09-04 00:00:00-04:00,150.78846892521432,152.64598686700666,150.78846892521432,151.8170928955078,79400,0.0,0.0,0.0,150.43943786621094,150.82201932737797,1.9559754163069556,2.050701218130218,-0.0947258018232624,60.86450912738716,157.2039552398226,143.67492049259928,1.857517941792338,1.997320485170718,0.13980254337838005,1.997320485170718,2.0729413610407192,1.3454740876985314,39.83621920936986,55.653503841052974
2024-09-05 00:00:00-04:00,152.1965855373445,152.21656311009153,149.66996354886737,150.32908630371094,56900,0.0,0.0,0.0,150.8573791503906,150.77507332512397,1.6796180028055971,1.976484575065294,-0.2968665722596968,50.0,156.32778794039123,145.38697036039,2.5465995612241557,0.39947021458371523,2.1471293466404404,2.5465995612241557,2.095768453723025,1.3552753990226853,10.061041161104427,28.53722260191283
2024-09-06 00:00:00-04:00,150.19925635683117,150.81843921045078,147.16332052280995,147.2132568359375,60300,0.0,0.0,0.0,150.92978286743164,150.43585270710622,1.195401518982976,1.8202679638488304,-0.6248664448658543,38.0613094466084,156.14897484498283,145.71059088988045,3.6551186876408224,0.489352906739839,3.1657657809009834,3.6551186876408224,2.2462816329589503,1.3760021229347732,0.5513023720882776,16.816187580854198
2024-09-09 00:00:00-04:00,148.771171058853,150.68860660751534,148.5015271609155,149.92962646484375,62900,0.0,0.0,0.0,151.09406356811525,150.3876406840336,1.019097275342574,1.6600338261475793,-0.6409365508050053,45.25655949509008,155.9386493700714,146.2494777661591,2.187079446599853,3.4753497715778394,1.2882703249779865,3.4753497715778394,2.4267545498734893,1.3944540591753627,30.540320905747226,13.717554812979985
2024-09-10 00:00:00-04:00,150.49885624577553,150.49885624577553,148.38169070599832,148.9808807373047,66100,0.0,0.0,0.0,151.2228904724121,150.25366354624992,0.7936701059022084,1.4867610820985053,-0.6930909761962969,45.322322618871276,155.66248948319247,146.78329146163173,2.1171655397772042,0.5692297809317779,1.5479357588454263,2.1171655397772042,2.4324613419299044,1.4007819994891575,20.06606405052134,17.052562442785625
2024-09-11 00:00:00-04:00,148.70124958196857,150.02947619265353,146.55412539052574,149.9695587158203,69400,0.0,0.0,0.0,151.3602066040039,150.22660594335187,0.686877602707682,1.3267843862203406,-0.6399067835126586,45.50720743795492,155.43371996934823,147.28669323865958,3.4753508021277923,1.0485954553488455,2.426755346778947,3.4753508021277923,2.588680199474585,1.407418273711881,35.33057212397774,28.64565236008211
2024-09-12 00:00:00-04:00,150.24919240206816,151.99685668945312,149.61004721507572,151.99685668945312,52100,0.0,0.0,0.0,151.5549461364746,150.39520125250436,0.7571023732843116,1.212847983633135,-0.4557456103488233,50.088497729076614,155.33440729523906,147.77548497771014,2.386809474377401,2.0272979736328125,0.3595115007445884,2.386809474377401,2.686406388429071,1.420936336917457,56.30173169654837,37.23278929034916
2024-09-13 00:00:00-04:00,151.82708696842562,153.61470641989067,151.6672968604377,152.7858123779297,51800,0.0,0.0,0.0,151.67778244018555,150.62287850254486,0.8664304692751443,1.1435644807615368,-0.2771340114863925,48.30433762696198,155.44917268545322,147.90639219491788,1.9474095594529786,1.6178497304375412,0.32955982901543734,1.9474095594529786,2.674280602060997,1.4261269422079894,64.46299651993344,52.03176678015319
2024-09-16 00:00:00-04:00,153.35504001620066,153.35504001620066,151.57741701302433,152.40631103515625,38900,0.0,0.0,0.0,151.7197265625,150.79272921993643,0.9119389220464313,1.0972393690185158,-0.18530044697208448,49.530099953832114,155.50458463724246,147.93486848775754,1.7776230031763305,0.5692276382709736,1.208395364905357,1.7776230031763305,2.675706489427463,1.428610820369626,60.537286870529904,60.43400502900391
2024-09-17 00:00:00-04:00,152.56610312777462,152.90564567473413,151.24785760886368,152.23654174804688,56400,0.0,0.0,0.0,151.7372039794922,150.93023517499458,0.923658377273938,1.0625231706696003,-0.13886479339566238,49.46035260452554,155.52853692394314,147.94587103504125,1.6577880658704487,0.4993346395778815,1.1584534262925672,1.6577880658704487,2.658587207761355,1.4297247459410558,58.78112726459271,61.260470218352026
2024-09-18 00:00:00-04:00,152.57608619818552,153.83439901413175,151.97688091149294,152.22654724121094,54300,0.0,0.0,0.0,151.80311584472656,151.0536934670152,0.9215169826501608,1.0343219330657125,-0.11280495041555172,47.87232863554923,155.57957980256978,148.02665188688334,1.8575181026388066,1.5978572660848727,0.2596608365539339,1.8575181026388066,2.630767289265624,1.4297903971094361,58.67774019449664,59.33205144320643
2024-09-19 00:00:00-04:00,154.4236149472753,154.4236149472753,152.52614179895198,153.3050994873047,42600,0.0,0.0,0.0,151.87701644897462,151.26811308799515,0.9953759895974486,1.0265327443720598,-0.031156754774611217,46.44806213082875,155.71283474111613,148.0411981568331,1.8974731483233143,2.1970677060643595,0.29959455774104526,2.1970677060643595,2.5651418123823584,1.4368755755204312,73.87978413098134,63.77955053002358
2024-09-20 00:00:00-04:00,153.1952488333605,154.90297317795452,153.08539504232317,154.88299560546875,51700,0.0,0.0,0.0,152.02332077026367,151.61238761346883,1.1677714718216805,1.054780489861984,0.11299098195969659,49.00663639740904,156.08833357172867,147.95830796879866,1.8175781356313507,1.597873690649834,0.21970444498151664,1.8175781356313507,2.5587231744519414,1.4471680975789993,98.46509272719672,77.00753901755824
2024-09-23 00:00:00-04:00,155.22999572753906,157.1199951171875,154.92999267578125,156.7899932861328,53700,0.207,0.0,0.0,152.18657989501952,152.1054929156273,1.441656391431252,1.1321556701758375,0.3095007212554144,66.72017414857466,156.73859938591653,147.6345604041225,2.19000244140625,2.23699951171875,0.0469970703125,2.23699951171875,2.3675498861749253,1.4594806027265737,96.87671872177293,89.74053185998366
2024-09-24 00:00:00-04:00,157.07000732421875,157.07000732421875,154.8800048828125,155.61000061035156,59300,0.0,0.0,0.0,152.33677825927734,152.4392555532201,1.545678990875814,1.2148603343158328,0.3308186565599811,60.31994606120592,157.13846357980952,147.53509293874515,2.19000244140625,0.2800140380859375,1.9099884033203125,2.19000244140625,2.381312883048892,1.4670065465132274,85.70875331705406,93.68352158867458
2024-09-25 00:00:00-04:00,155.88999938964844,156.5500030517578,155.14999389648438,155.33999633789062,56000,0.0,0.0,0.0,152.48046646118163,152.71551658033158,1.5880248007186992,1.2894932275964062,0.29853157312229306,64.60175810690038,157.4669006601804,147.49403226218286,1.4000091552734375,0.94000244140625,0.4600067138671875,1.4000091552734375,2.2994135683381267,1.468741680960897,83.15331510471634,88.57959571451447
2024-09-26 00:00:00-04:00,156.36000061035156,156.63999938964844,155.2899932861328,155.57000732421875,44800,0.0,0.0,0.0,152.60369796752929,152.98737284165418,1.6214530232859374,1.3558851867343127,0.26556783655162475,79.27516089717548,157.7736013125009,147.43379462255768,1.350006103515625,1.3000030517578125,0.0500030517578125,1.350006103515625,2.134762669472041,1.470222374869424,85.33023941173973,84.73076927783671
2024-09-27 00:00:00-04:00,155.8000030517578,157.08999633789062,155.7899932861328,156.7899932861328,61300,0.0,0.0,0.0,152.70653762817383,153.34952716969977,1.7264859464951599,1.4300053386864822,0.2964806078086777,76.84784542936751,158.13038938039705,147.28268587595062,1.3000030517578125,1.519989013671875,0.2199859619140625,1.519989013671875,1.9950940439073293,1.478064413208932,96.87671872177293,88.453424412743
2024-09-30 00:00:00-04:00,156.88999938964844,157.4600067138672,155.75999450683594,157.33999633789062,56200,0.0,0.0,0.0,152.80841598510742,153.72957185238462,1.832976532095671,1.51059957736832,0.32237695472735095,83.76700144603979,158.50715083577936,147.10968113443548,1.70001220703125,0.670013427734375,1.029998779296875,1.70001220703125,1.9652973772826183,1.481572309600981,98.8995811304153,93.70217975464266
2024-10-01 00:00:00-04:00,157.2100067138672,159.6300048828125,155.82000732421875,158.91000366210938,242100,0.0,0.0,0.0,153.2214828491211,154.22294631045364,2.020763455143765,1.612632352923409,0.408131102220356,84.49520122362615,159.43541234434446,147.00755335389772,3.80999755859375,2.290008544921875,1.519989013671875,3.80999755859375,1.9892007170301866,1.4915507471296505,92.814328716962,96.19687618971675
2024-10-02 00:00:00-04:00,159.5500030517578,160.1300048828125,158.52000427246094,159.24000549316406,167400,0.0,0.0,0.0,153.5926284790039,154.70076147071177,2.1711862508337276,1.7243431325054728,0.44684311832825485,82.15840497530638,160.31895837714623,146.86629858086158,1.6100006103515625,1.220001220703125,0.3899993896484375,1.6100006103515625,1.9337143695997696,1.493627405763152,89.97990731071539,93.89793905269757
2024-10-03 00:00:00-04:00,159.25,159.25,157.4199981689453,157.55999755859375,66300,0.0,0.0,0.0,153.95417404174805,154.97306966955767,2.130278278307941,1.8055301616659665,0.32474811664197434,69.6424468353588,160.7191254676214,147.18922261587468,1.8300018310546875,0.0099945068359375,1.82000732421875,1.8300018310546875,1.925328103285606,1.5041775682638838,71.06547274039762,84.61990292269168
2024-10-04 00:00:00-04:00,158.8300018310547,159.39999389648438,157.6699981689453,159.36000061035156,108500,0.0,0.0,0.0,154.56151123046874,155.39087261629996,2.217541183981382,1.8879323661290497,0.3296088178523322,75.61546201105071,160.94879339561507,148.1742290653224,1.7299957275390625,1.839996337890625,0.1100006103515625,1.839996337890625,1.929783341479484,1.5156018071547763,91.3308769972848,84.12541901613262
2024-10-07 00:00:00-04:00,159.4499969482422,159.4600067138672,157.9499969482422,158.83999633789062,81900,0.0,0.0,0.0,155.00702972412108,155.7193605897848,2.2191566104639264,1.954177214996025,0.2649793954679014,73.71340773796477,161.27589796228364,148.73816148595853,1.510009765625,0.100006103515625,1.410003662109375,1.510009765625,1.9192277486048093,1.5188648861612353,84.17773911619926,82.1913629512939
2024-10-08 00:00:00-04:00,159.3300018310547,159.3300018310547,158.2100067138672,158.35000610351562,224500,0.0,0.0,0.0,155.47548599243163,155.96989825775918,2.1560451839064854,1.9945508087781172,0.16149437512836817,71.25690585786248,161.2272063144121,149.72376567045117,1.1199951171875,0.4900054931640625,0.6299896240234375,1.1199951171875,1.8665475353582874,1.5219496900246947,76.59086230688466,84.03315947345625
2024-10-09 00:00:00-04:00,158.17999267578125,159.10000610351562,157.2100067138672,158.72999572753906,152600,0.0,0.0,0.0,155.91350784301758,156.2327646834525,2.112341156652178,2.0181088783529293,0.09423227829924885,69.79181975674821,161.2165396919171,150.61047599411808,1.8899993896484375,0.75,1.1399993896484375,1.8899993896484375,1.8446140841857215,1.5243493718016252,80.12651960898106,80.298373677355
2024-10-10 00:00:00-04:00,158.0,158.0,156.00999450683594,157.0,424900,0.0,0.0,0.0,156.1636650085449,156.3058347135999,1.9160224885820014,1.9976916003987437,-0.0816691118167423,57.638757361264666,161.1514170399825,151.17591297710732,1.9900054931640625,0.7299957275390625,2.720001220703125,2.720001220703125,1.9090728759765625,1.5352483560774681,40.380859375,65.69941376362192
2024-10-11 00:00:00-04:00,157.3300018310547,160.3000030517578,157.3300018310547,160.25999450683594,208400,0.0,0.0,0.0,156.53737411499023,156.68242136057475,2.000433094045718,1.9982398991281387,0.0021931949175792997,61.40697952050658,161.57921569778264,151.4955325321978,2.970001220703125,3.3000030517578125,0.3300018310546875,3.3000030517578125,1.985001700265067,1.5560126522993531,99.26183471516448,73.25640456638185
2024-10-14 00:00:00-04:00,160.7100067138672,161.0500030517578,159.9499969482422,160.9600067138672,162400,0.0,0.0,0.0,156.96505889892578,157.0898104418407,2.099611230579143,2.0185141654183396,0.08109706516080317,68.1602244169448,161.98253367876973,151.94758411908182,1.100006103515625,0.790008544921875,0.30999755859375,1.100006103515625,1.9071448189871651,1.5603806307782329,98.47464070779981,79.37244493265477
2024-10-15 00:00:00-04:00,161.38999938964844,161.4199981689453,159.6699981689453,160.27000427246094,368500,0.0,0.0,0.0,157.3667320251465,157.39268604475694,2.0983447754936435,2.0344802874334005,0.06386448806024303,66.27064341691921,162.06652969177878,152.6669343585142,1.75,0.459991455078125,1.290008544921875,1.75,1.9321441650390625,1.5646674250912627,81.23991875261366,92.99213139185933
2024-10-16 00:00:00-04:00,160.75,163.24000549316406,160.75,163.24000549316406,359000,0.0,0.0,0.0,157.91740493774415,157.94957361127192,2.310362951930159,2.0896568203327526,0.2207061315974066,71.4365523494186,162.66198621244894,153.17282366303937,2.4900054931640625,2.970001220703125,0.4799957275390625,2.970001220703125,2.047858101981027,1.5831986607656194,100.0,93.23818648680451
2024-10-17 00:00:00-04:00,163.8800048828125,163.8800048828125,162.69000244140625,162.89999389648438,202600,0.0,0.0,0.0,158.39714965820312,158.42104220986357,2.423021704081947,2.1563297970825914,0.2666919069993554,67.95999888766192,163.11837219659324,153.675927119813,1.19000244140625,0.6399993896484375,0.5500030517578125,1.19000244140625,2.024287632533482,1.5852815545737426,87.93091460538605,89.72361111933326
2024-10-18 00:00:00-04:00,163.3699951171875,163.3699951171875,162.52000427246094,162.99000549316406,84900,0.0,0.0,0.0,158.8025001525879,158.8561815701779,2.4908547375077035,2.2232347851676137,0.26761995234008973,67.06947944124364,163.64390254335262,153.96109776182317,0.8499908447265625,0.470001220703125,0.3799896240234375,0.8499908447265625,1.9635718209402901,1.5858341119712394,88.95782060505093,92.29624507014567
2024-10-21 00:00:00-04:00,163.97999572753906,164.8800048828125,162.85000610351562,163.94000244140625,105200,0.0,0.0,0.0,159.16000061035157,159.34035498648538,2.5913976998804458,2.2968673681101803,0.29453033177026544,65.78779490225003,164.4140457808192,153.90595543988394,2.029998779296875,1.8899993896484375,0.1399993896484375,2.029998779296875,1.8364290509905135,1.5916626714916084,89.40246514308323,88.76373345117342
2024-10-22 00:00:00-04:00,163.52999877929688,163.52999877929688,160.35000610351562,161.0,294500,0.0,0.0,0.0,159.42950057983398,159.49841641634393,2.406108969093026,2.3187156883067495,0.0873932807862765,54.74647315847474,164.46525064022853,154.39375051943944,3.17999267578125,0.410003662109375,3.589996337890625,3.589996337890625,1.9778573172433036,1.6095960763813457,56.25704234438032,78.20577603083817
2024-10-23 00:00:00-04:00,160.89999389648438,161.55999755859375,159.4499969482422,160.16000366210938,525200,0.0,0.0,0.0,159.6705009460449,159.56142472546443,2.1665114354638035,2.28827483773816,-0.12176340227435656,57.34464494460288,164.32944062582501,155.0115612662648,2.1100006103515625,0.55999755859375,1.5500030517578125,2.1100006103515625,1.9978572300502233,1.6148134449396725,46.78697069524604,64.1488260609032
2024-10-24 00:00:00-04:00,159.42999267578125,160.60000610351562,158.6199951171875,158.64999389648438,278900,0.0,0.0,0.0,159.8245002746582,159.4746217893711,1.8336463615966068,2.1973491425098493,-0.3637027809132425,47.96092492175606,164.10063320045109,155.5483673488653,1.980010986328125,0.44000244140625,1.540008544921875,1.980010986328125,2.0078582763671875,1.6242415776263492,29.763205202088404,44.26907274723826
2024-10-25 00:00:00-04:00,159.9199981689453,160.38999938964844,158.82000732421875,159.3800048828125,272800,0.0,0.0,0.0,159.9540008544922,159.46561065541314,1.6101928768596565,2.0799178893798107,-0.4697250125201542,51.532371621118415,163.99352066133486,155.91448104764953,1.5699920654296875,1.7400054931640625,0.170013427734375,1.7400054931640625,2.024286542619978,1.6288429707206624,37.99330816008808,38.181161352474184
2024-10-28 00:00:00-04:00,160.10000610351562,160.27000427246094,158.97000122070312,159.3800048828125,425400,0.0,0.0,0.0,160.05600128173828,159.45745772468928,1.416772706460506,1.94728885279595,-0.530516146335444,53.006411706753944,163.91666774455817,156.19533481891838,1.3000030517578125,0.8899993896484375,0.410003662109375,1.3000030517578125,2.037144252232143,1.6288429707206624,37.99330816008808,35.249940507421535
2024-10-29 00:00:00-04:00,158.89999389648438,159.6300048828125,158.00999450683594,159.0399932861328,394400,0.0,0.0,0.0,160.06250076293946,159.41769920673153,1.2219636967948588,1.8022238215957318,-0.580260124800873,50.90695294880242,163.91547386348475,156.20952766239418,1.6200103759765625,0.25,1.3700103759765625,1.6200103759765625,2.017859322684152,1.630976309823831,34.16003646966739,36.71555092994786
2024-10-30 00:00:00-04:00,158.69000244140625,160.05999755859375,158.3300018310547,158.4499969482422,2132700,0.0,0.0,0.0,160.02300033569335,159.3255370868754,1.008344808173291,1.643448018911244,-0.6351032107379528,54.545428454715996,163.92733322022332,156.1186674511634,1.7299957275390625,1.0200042724609375,0.709991455078125,1.7299957275390625,1.9471446446010046,1.6346860455054035,14.834366416934621,28.99590368223004
2024-10-31 00:00:00-04:00,157.52999877929688,157.52999877929688,153.72000122070312,153.8000030517578,595600,0.0,0.0,0.0,159.83500061035156,158.79929575019753,0.4585487890701927,1.4064681729430337,-0.947919383872841,31.372635291508786,164.52228592342212,155.147715297281,3.80999755859375,0.9199981689453125,4.7299957275390625,4.7299957275390625,2.0492869785853793,1.6640328046473636,0.7168620502008527,16.570421645600963
2024-11-01 00:00:00-04:00,155.10000610351562,156.52000427246094,154.8300018310547,154.97999572753906,157700,0.0,0.0,0.0,159.61600036621093,158.43555289089673,0.1167017648885178,1.1485148913321306,-1.0318131264436128,33.22110469288113,164.78161099201134,154.45038974041051,1.69000244140625,2.720001220703125,1.029998779296875,2.720001220703125,2.1650009155273438,1.6717050585639266,11.290269653888119,8.947166040341207
2024-11-04 00:00:00-05:00,154.97999572753906,156.14999389648438,154.77000427246094,155.27999877929688,75300,0.0,0.0,0.0,159.43800048828126,158.13502392788723,-0.1285251674769654,0.8931068795703114,-1.0216320470472768,35.68561536205621,164.94993645119433,153.9260645253682,1.3799896240234375,1.1699981689453125,0.209991455078125,1.3799896240234375,2.1385716029575894,1.6736408119516426,13.978468160277394,8.661866621455465
2024-11-05 00:00:00-05:00,156.0800018310547,157.30999755859375,155.97000122070312,157.2899932861328,69800,0.0,0.0,0.0,159.3849998474121,158.05454481914873,-0.15884841402737493,0.6827158208507742,-0.8415642348781491,31.936852637625307,164.96099827265556,153.80900142216865,1.339996337890625,2.029998779296875,0.69000244140625,2.029998779296875,2.0714285714285716,1.686585135255591,31.98916571641085,19.085967843525463
